"NIVEL";"PRODUTO";"TIPO";"DESCRICAO";"UM";"COMPONENTE";"TIPO";"DESCRICAO";"UMc";"QUANTIDADE";"IPI";"NCM";"ULT_PRECO";"ORIGEM";"CUSTO_MEDIO"
"1";="I3001192";"PA";="COMBOIO 10.000L 6 4 1 AGUA 3 RESERV ALTA VAZAO VM 290 6X4R EE 4800 MAN . 2026";="CJ";="G1004391";"MP";="PROPULSORA PNEUMATICA DE GRAXA TAMPA E DISCO P/ TAMBOR 20KG";="PC";"2,0000";"3,25";"84671900";"0,00";"0";"0,00"
"1";="I3001192";"PA";="COMBOIO 10.000L 6 4 1 AGUA 3 RESERV ALTA VAZAO VM 290 6X4R EE 4800 MAN . 2026";="CJ";="G1009054";"MP";="FAROL AUXILIAR LED 27W QUADRADO";="PC";"8,0000";"3,25";"85122011";"0,00";"0";"0,00"
"1";="I3001192";"PA";="COMBOIO 10.000L 6 4 1 AGUA 3 RESERV ALTA VAZAO VM 290 6X4R EE 4800 MAN . 2026";="CJ";="I2002653";"PP";="MONTAGEM COMPRESSOR 20 PES";="CJ";"1,0000";"3,25";"87169010";"0,00";"0";"0,00"
"2";="I2002653";"PP";="MONTAGEM COMPRESSOR 20 PES";="CJ";="G1007348";"MP";="CONEXAO COTOVELO MACHO 1/4 X 10MM ENG RAPIDO";="PC";"1,0000";"3,25";"39174090";"0,00";"1";"0,00"
"2";="I2002653";"PP";="MONTAGEM COMPRESSOR 20 PES";="CJ";="G1009096";"MP";="COMPRESSOR 20 PES SEM MOTOR COM VAL DE DESCARGA VOLANTE 320 MM";="UN";"1,0000";"3,25";"84148011";"0,00";"0";"0,00"
"2";="I2002653";"PP";="MONTAGEM COMPRESSOR 20 PES";="CJ";="G1009097";"MP";="MOTOR HID 24 CC FL SAE B DIAM PIL 101,6 EIXO CILIN CHAV DIAM 25.4 X 50 -1 1/16 UNF-3/4 ODT";="PC";"1,0000";"0,00";"84136011";"0,00";"0";"0,00"
"2";="I2002653";"PP";="MONTAGEM COMPRESSOR 20 PES";="CJ";="G1009099";"MP";="CORREIA A52";="PC";"1,0000";"0,00";"84122900";"0,00";"0";"0,00"
"2";="I2002653";"PP";="MONTAGEM COMPRESSOR 20 PES";="CJ";="G1009196";"MP";="NIPLE DUPLO FG NBR 6590 1/2"" BSP NBR 6943 150LBS";="PC";"1,0000";"9,75";"73071990";"0,00";"0";"0,00"
"2";="I2002653";"PP";="MONTAGEM COMPRESSOR 20 PES";="CJ";="G1009197";"MP";="ADAP TEE 90 FG NBR 6590 1/2"" BSP NBR 6943 150LBS";="PC";"1,0000";"0,00";"73071990";"0,00";"0";"0,00"
"2";="I2002653";"PP";="MONTAGEM COMPRESSOR 20 PES";="CJ";="G1009201";"MP";="CONECTOR RETO TUBO 10 X ROSCA MACHO 1/4POL NPT";="PC";"1,0000";"0,00";"74122000";"0,00";"0";"0,00"
"2";="I2002653";"PP";="MONTAGEM COMPRESSOR 20 PES";="CJ";="G1009204";"MP";="ADAPTADOR RETO MF JIC 7/16 UNF X MF NPT 1/4";="PC";"1,0000";"0,00";"73071920";"0,00";"0";"0,00"
"2";="I2002653";"PP";="MONTAGEM COMPRESSOR 20 PES";="CJ";="G1009205";"MP";="ADAPTADOR 90° MF JIC 7/8 UNF X MF NPT 3/8";="PC";"2,0000";"0,00";"73079200";"0,00";"0";"0,00"
"2";="I2002653";"PP";="MONTAGEM COMPRESSOR 20 PES";="CJ";="G1009222";"MP";="CJ LUBRIFIL DE 1/2POL PRESSAO MAXIMA 10 BAR C/ CAPA COD BREMEN 3363";="KT";"1,0000";"0,00";"84213990";"0,00";"0";"0,00"
"2";="I2002653";"PP";="MONTAGEM COMPRESSOR 20 PES";="CJ";="G3003675";"MP";="BUCHA REDUCAO FG NBR 6590 150LBS 1/2"" BSP X 1/4"" BSP NBR 6943";="PC";"2,0000";"9,75";"73071990";"0,00";"5";"0,00"
"2";="I2002653";"PP";="MONTAGEM COMPRESSOR 20 PES";="CJ";="G3004406";"MP";="PO SX FL M12X1,75 CL8 INS NY AUTO TRAV DIN985";="PC";"4,0000";"6,50";"73181600";"0,00";"0";"0,00"
"2";="I2002653";"PP";="MONTAGEM COMPRESSOR 20 PES";="CJ";="G3006749";"MP";="NIPLE REDUCAO 1"" X 1/2"" GALVANIZADO";="PC";"1,0000";"3,25";"73071990";"0,00";"0";"0,00"
"2";="I2002653";"PP";="MONTAGEM COMPRESSOR 20 PES";="CJ";="G3008964";"MP";="PF ALLEN SEM CAB M10 X 1,50 X 16 CL12.9 DIN916 RI GEOMET A";="PC";"1,0000";"3,25";"73181500";"0,00";"0";"0,00"
"2";="I2002653";"PP";="MONTAGEM COMPRESSOR 20 PES";="CJ";="I1007664";"PP";="BUCHA APOIO COMPRESSOR 70 X 35 X 20";="PC";"4,0000";"0,00";"87169010";"0,00";"0";"0,00"
"3";="I1007664";"PP";="BUCHA APOIO COMPRESSOR 70 X 35 X 20";="PC";="G1009172";"MP";="BUCHA APOIO TANQUE DIAM EXT 70 X ALTURA 70 X DIAM INT 20 MM CONF DESENHO";="PC";"1,3320";"3,25";"40012200";"0,00";"0";"0,00"
"2";="I2002653";"PP";="MONTAGEM COMPRESSOR 20 PES";="CJ";="I1033835";"PP";="POLIA A160 1 CANAL DIAM EIXO 25,40";="PC";"1,0000";"0,00";"87169010";"0,00";"0";"0,00"
"3";="I1033835";"PP";="POLIA A160 1 CANAL DIAM EIXO 25,40";="PC";="G1022563";"MP";="POLIA A160 1 CANAL FERRO FUNDIDO";="PC";"1,0000";"0,00";"84835010";"0,00";"0";"0,00"
"2";="I2002653";"PP";="MONTAGEM COMPRESSOR 20 PES";="CJ";="I1041320";"PP";="SUPORTE MOTOR HIDRAULICO COMPRESSOR";="PC";"1,0000";"0,00";"87169010";"0,00";"0";"0,00"
"3";="I1041320";"PP";="SUPORTE MOTOR HIDRAULICO COMPRESSOR";="PC";="G2005887";"MP";="CHAPA ACO A36 6,35MM";="KG";"5,3400";"3,25";"72085200";"0,00";"5";"0,00"
"1";="I3001192";"PA";="COMBOIO 10.000L 6 4 1 AGUA 3 RESERV ALTA VAZAO VM 290 6X4R EE 4800 MAN . 2026";="CJ";="I2002681";"PP";="CONJ SUPORTE DE CALCO BORRACHA";="CJ";"2,0000";"3,25";"87169010";"0,00";"0";"0,00"
"2";="I2002681";"PP";="CONJ SUPORTE DE CALCO BORRACHA";="CJ";="G1004651";"MP";="PF SX FL M10 X 1,50 X 30 CL8.8 DIN6921 ZF";="PC";"4,0000";"9,75";"73181500";"0,00";"0";"0,00"
"2";="I2002681";"PP";="CONJ SUPORTE DE CALCO BORRACHA";="CJ";="G1004660";"MP";="PO SX FL M10 X 1,50 CL 8 DIN 6927 TORQ  ZF";="PC";"4,0000";"6,50";"73181600";"0,00";"0";"0,00"
"2";="I2002681";"PP";="CONJ SUPORTE DE CALCO BORRACHA";="CJ";="G1009680";"MP";="PO BORBOLETA - M10-1,50 MA ZF";="PC";"2,0000";"3,25";"79070090";"0,00";"0";"0,00"
"2";="I2002681";"PP";="CONJ SUPORTE DE CALCO BORRACHA";="CJ";="G1020286";"MP";="CALCO P/ CAMINHAO C/ CORDA 15,5 CM X 23 CM LARG 20 TON NBR 9735";="PC";"4,0000";"0,00";"39011030";"0,00";"0";"0,00"
"2";="I2002681";"PP";="CONJ SUPORTE DE CALCO BORRACHA";="CJ";="G3000951";"MP";="ARRUELA LISA M10 DIN125";="PC";"6,0000";"3,25";"73182100";"0,00";"0";"0,00"
"2";="I2002681";"PP";="CONJ SUPORTE DE CALCO BORRACHA";="CJ";="G3001012";"MP";="PO SX M10 X 1,50 CL8 DIN934 ZB";="PC";"2,0000";"3,25";"73181600";"0,00";"0";"0,00"
"2";="I2002681";"PP";="CONJ SUPORTE DE CALCO BORRACHA";="CJ";="G3001107";"MP";="PF SX M10 X 1,50 X 30 CL 8.8 DIN 933 RI ZF";="PC";"4,0000";"3,25";"73181500";"0,00";"0";"0,00"
"2";="I2002681";"PP";="CONJ SUPORTE DE CALCO BORRACHA";="CJ";="I1006862";"PP";="PERFIL SUPORTE CALCO";="PC";"2,0000";"3,25";"87169010";"0,00";"0";"0,00"
"3";="I1006862";"PP";="PERFIL SUPORTE CALCO";="PC";="G2005931";"MP";="CHAPA ACO A36 4,75MM";="KG";"3,2200";"0,00";"72085200";"0,00";"0";"0,00"
"2";="I2002681";"PP";="CONJ SUPORTE DE CALCO BORRACHA";="CJ";="I1006863";"PP";="TRAVA CALCO 419 X 40";="PC";"2,0000";"3,25";"87169010";"0,00";"0";"0,00"
"3";="I1006863";"PP";="TRAVA CALCO 419 X 40";="PC";="G2005931";"MP";="CHAPA ACO A36 4,75MM";="KG";"1,2000";"0,00";"72085200";"0,00";"0";"0,00"
"1";="I3001192";"PA";="COMBOIO 10.000L 6 4 1 AGUA 3 RESERV ALTA VAZAO VM 290 6X4R EE 4800 MAN . 2026";="CJ";="I2003889";"PP";="CONJ CAIXA DE OLEO USADO 400X 230 X 160";="CJ";"1,0000";"0,00";"87169010";"0,00";"0";"0,00"
"2";="I2003889";"PP";="CONJ CAIXA DE OLEO USADO 400X 230 X 160";="CJ";="G1009210";"MC";="ABRACADEIRA ACO CARBONO SUPRENS MS MPA 3540";="PC";"1,0000";"0,00";"73269090";"0,00";"0";"0,00"
"2";="I2003889";"PP";="CONJ CAIXA DE OLEO USADO 400X 230 X 160";="CJ";="G3003160";"MP";="PF SX FL M8 X 1,25 X 20 CL10.9 DIN6921 ZF";="PC";"4,0000";"3,25";"73181500";"0,00";"0";"0,00"
"2";="I2003889";"PP";="CONJ CAIXA DE OLEO USADO 400X 230 X 160";="CJ";="G3007835";"MP";="PO SX FL SERRILHADO M8 X 1,25 CL8 DIN6923 MACROCOLT";="PC";"4,0000";"6,50";"73181600";"0,00";"0";"0,00"
"2";="I2003889";"PP";="CONJ CAIXA DE OLEO USADO 400X 230 X 160";="CJ";="I1007213";"PP";="FIXACAO DA MAO FRANCESA";="PC";"4,0000";"3,25";"87169010";"0,00";"0";"0,00"
"3";="I1007213";"PP";="FIXACAO DA MAO FRANCESA";="PC";="G2005882";"MP";="CHAPA ACO A36 3,00MM";="KG";"0,6000";"3,25";"72085300";"0,00";"0";"0,00"
"2";="I2003889";"PP";="CONJ CAIXA DE OLEO USADO 400X 230 X 160";="CJ";="I1008709";"PP";="ESPIGAO 1.1/4""";="PC";"1,0000";"6,50";"87169010";"0,00";"0";"0,00"
"3";="I1008709";"PP";="ESPIGAO 1.1/4""";="PC";="G2005798";"MP";="TUBO REDONDO NBR 5590 ANSI B 36.10 SCH40 SEM COSTURA 33,40 X 26,64 X 3,38MM";="KG";"0,1200";"0,00";"73063000";"0,00";"0";"0,00"
"2";="I2003889";"PP";="CONJ CAIXA DE OLEO USADO 400X 230 X 160";="CJ";="I1011114";"PP";="BASE BANDEJA DE OLEO";="PC";"1,0000";"3,25";"87169010";"0,00";"0";"0,00"
"3";="I1011114";"PP";="BASE BANDEJA DE OLEO";="PC";="G2005932";"MP";="CHAPA ACO A36 2,00MM";="KG";"2,7000";"3,25";"72085400";"0,00";"5";"0,00"
"2";="I2003889";"PP";="CONJ CAIXA DE OLEO USADO 400X 230 X 160";="CJ";="I1011115";"PP";="LATERAL BANDEJA";="PC";"2,0000";"3,25";"87169010";"0,00";"0";"0,00"
"3";="I1011115";"PP";="LATERAL BANDEJA";="PC";="G2005932";"MP";="CHAPA ACO A36 2,00MM";="KG";"1,9800";"3,25";"72085400";"0,00";"5";"0,00"
"2";="I2003889";"PP";="CONJ CAIXA DE OLEO USADO 400X 230 X 160";="CJ";="I1011116";"PP";="BATENTE BANDEJA OLEO";="PC";"4,0000";"3,25";"87169010";"0,00";"0";"0,00"
"3";="I1011116";"PP";="BATENTE BANDEJA OLEO";="PC";="G2005932";"MP";="CHAPA ACO A36 2,00MM";="KG";"0,2400";"3,25";"72085400";"0,00";"5";"0,00"
"2";="I2003889";"PP";="CONJ CAIXA DE OLEO USADO 400X 230 X 160";="CJ";="I1011117";"PP";="GRELHA BANDEJA";="PC";"1,0000";"3,25";"87169010";"0,00";"0";"0,00"
"3";="I1011117";"PP";="GRELHA BANDEJA";="PC";="G2005932";"MP";="CHAPA ACO A36 2,00MM";="KG";"0,9000";"3,25";"72085400";"0,00";"5";"0,00"
"1";="I3001192";"PA";="COMBOIO 10.000L 6 4 1 AGUA 3 RESERV ALTA VAZAO VM 290 6X4R EE 4800 MAN . 2026";="CJ";="I2005361";"PP";="CONJ BOMBA LAVAGEM";="CJ";"1,0000";"0,00";"87169010";"0,00";"0";"0,00"
"2";="I2005361";"PP";="CONJ BOMBA LAVAGEM";="CJ";="G1003707";"MP";="ADAPTADOR AGN1/4POL AGJ9/16POL GEHN04HJ06 (FORA DO PADRAO)";="PC";"1,0000";"3,25";"73079200";"0,00";"0";"0,00"
"2";="I2005361";"PP";="CONJ BOMBA LAVAGEM";="CJ";="G1004660";"MP";="PO SX FL M10 X 1,50 CL 8 DIN 6927 TORQ  ZF";="PC";"6,0000";"6,50";"73181600";"0,00";"0";"0,00"
"2";="I2005361";"PP";="CONJ BOMBA LAVAGEM";="CJ";="G1006552";"MP";="CONEXAO ROSCADA 3/8"" NPT MACHO - JIC 3/8"" MACHO";="PC";"1,0000";"6,50";"73079200";"0,00";"0";"0,00"
"2";="I2005361";"PP";="CONJ BOMBA LAVAGEM";="CJ";="G1006967";"MP";="BUJAO ALEN 3/8"" NPT";="PC";"1,0000";"0,00";"73079200";"0,00";"0";"0,00"
"2";="I2005361";"PP";="CONJ BOMBA LAVAGEM";="CJ";="G1007056";"MP";="BUCHA REDUCAO FG NBR 6590 150LBS 3/4"" BSP X 1/2"" BSP NBR 6943";="PC";"1,0000";"0,00";"73071990";"0,00";"0";"0,00"
"2";="I2005361";"PP";="CONJ BOMBA LAVAGEM";="CJ";="G1007307";"MP";="CONEXAO 90° ORIENTAVEL - 1.1/16 UNF - JIC 5/8"" MACHO";="PC";"2,0000";"3,25";"73079200";"0,00";"2";"0,00"
"2";="I2005361";"PP";="CONJ BOMBA LAVAGEM";="CJ";="G1009097";"MP";="MOTOR HID 24 CC FL SAE B DIAM PIL 101,6 EIXO CILIN CHAV DIAM 25.4 X 50 -1 1/16 UNF-3/4 ODT";="PC";"1,0000";"0,00";"84136011";"0,00";"0";"0,00"
"2";="I2005361";"PP";="CONJ BOMBA LAVAGEM";="CJ";="G1009132";"MP";="FILTRO DE REDE Y 3/4""";="PC";"1,0000";"5,20";"84671900";"0,00";"0";"0,00"
"2";="I2005361";"PP";="CONJ BOMBA LAVAGEM";="CJ";="G1009196";"MP";="NIPLE DUPLO FG NBR 6590 1/2"" BSP NBR 6943 150LBS";="PC";"1,0000";"9,75";"73071990";"0,00";"0";"0,00"
"2";="I2005361";"PP";="CONJ BOMBA LAVAGEM";="CJ";="G1009199";"MC";="REGISTRO ESFERA 3/4POL";="PC";"1,0000";"3,25";"84818095";"0,00";"0";"0,00"
"2";="I2005361";"PP";="CONJ BOMBA LAVAGEM";="CJ";="G1009218";"MP";="ESGUICHO AGUA LONGO REGULAVEL DE 1/2 EM FERRO COD BREMEN 1449";="PC";"1,0000";"3,25";"84249090";"0,00";"0";"0,00"
"2";="I2005361";"PP";="CONJ BOMBA LAVAGEM";="CJ";="G1012130";"MP";="ADAPTADOR AGR1POL WD AGJ1.1/16POL - GEHRED16HJ12";="PC";"2,0000";"6,50";"73079200";"0,00";"0";"0,00"
"2";="I2005361";"PP";="CONJ BOMBA LAVAGEM";="CJ";="G1012242";"MP";="BUJAO ALEN 1/2"" NPT";="PC";"1,0000";"3,25";"73079200";"0,00";"0";"0,00"
"2";="I2005361";"PP";="CONJ BOMBA LAVAGEM";="CJ";="G1013898";"MP";="BOMBA CPL 016 HD-16/25 V-15";="PC";"1,0000";"0,00";"84131100";"0,00";"0";"0,00"
"2";="I2005361";"PP";="CONJ BOMBA LAVAGEM";="CJ";="G3003160";"MP";="PF SX FL M8 X 1,25 X 20 CL10.9 DIN6921 ZF";="PC";"4,0000";"3,25";"73181500";"0,00";"0";"0,00"
"2";="I2005361";"PP";="CONJ BOMBA LAVAGEM";="CJ";="G3004330";"MP";="PF SX FL M10 X 1,50 X 25 CL8.8 DIN6921 ZF";="PC";"4,0000";"3,25";"73181500";"0,00";"0";"0,00"
"2";="I2005361";"PP";="CONJ BOMBA LAVAGEM";="CJ";="G3004331";"MP";="PF SX FL M10 X 1,50 X 40 CL8.8 DIN6921 ZF";="PC";"2,0000";"3,25";"73181500";"0,00";"0";"0,00"
"2";="I2005361";"PP";="CONJ BOMBA LAVAGEM";="CJ";="G3007835";"MP";="PO SX FL SERRILHADO M8 X 1,25 CL8 DIN6923 MACROCOLT";="PC";"4,0000";"6,50";"73181600";"0,00";"0";"0,00"
"2";="I2005361";"PP";="CONJ BOMBA LAVAGEM";="CJ";="I1025272";"PP";="ACOPLAMENTO BOMBA LAVAGEM 03";="PC";"1,0000";"0,00";"87169010";"0,00";"0";"0,00"
"3";="I1025272";"PP";="ACOPLAMENTO BOMBA LAVAGEM 03";="PC";="G1017788";"MP";="ACOPLAMENTO FLEXIVEL AC 28";="PC";"1,0000";"0,00";"84836090";"0,00";"0";"0,00"
"2";="I2005361";"PP";="CONJ BOMBA LAVAGEM";="CJ";="I1026077";"PP";="PROTECAO ACOPLAMENTO 2 X 130 X 190 X 110";="PC";"1,0000";"0,00";"87169010";"0,00";"0";"0,00"
"3";="I1026077";"PP";="PROTECAO ACOPLAMENTO 2 X 130 X 190 X 110";="PC";="G2005932";"MP";="CHAPA ACO A36 2,00MM";="KG";"0,7900";"3,25";"72085400";"0,00";"5";"0,00"
"2";="I2005361";"PP";="CONJ BOMBA LAVAGEM";="CJ";="I2012442";"PP";="CONJ SUPORTE LAVADORA";="CJ";"1,0000";"0,00";"87169090";"0,00";"0";"0,00"
"3";="I2012442";"PP";="CONJ SUPORTE LAVADORA";="CJ";="I1025269";"PP";="SUPORTE MOTOR HIDRAULICO 4,75 X 80 X 80 X 190 X 146";="PC";"1,0000";"0,00";"87169010";"0,00";"0";"0,00"
"4";="I1025269";"PP";="SUPORTE MOTOR HIDRAULICO 4,75 X 80 X 80 X 190 X 146";="PC";="G2005931";"MP";="CHAPA ACO A36 4,75MM";="KG";"0,6990";"0,00";"72085200";"0,00";"0";"0,00"
"3";="I2012442";"PP";="CONJ SUPORTE LAVADORA";="CJ";="I1025270";"PP";="SUPORTE BOMBA DE LAVAGEM 4.75 X 30 X 45 X 225 X 45 X 30 X 270 OBL";="PC";"1,0000";"0,00";"87169010";"0,00";"0";"0,00"
"4";="I1025270";"PP";="SUPORTE BOMBA DE LAVAGEM 4.75 X 30 X 45 X 225 X 45 X 30 X 270 OBL";="PC";="G2005931";"MP";="CHAPA ACO A36 4,75MM";="KG";"3,3500";"0,00";"72085200";"0,00";"0";"0,00"
"1";="I3001192";"PA";="COMBOIO 10.000L 6 4 1 AGUA 3 RESERV ALTA VAZAO VM 290 6X4R EE 4800 MAN . 2026";="CJ";="I2007257";"PP";="KIT ESCORVA";="CJ";"1,0000";"0,00";"87169010";"0,00";"0";"0,00"
"2";="I2007257";"PP";="KIT ESCORVA";="CJ";="G1000392";"MP";="REGISTRO ESFERA DE 1/2";="PC";"1,0000";"5,00";"84818095";"0,00";"0";"0,00"
"2";="I2007257";"PP";="KIT ESCORVA";="CJ";="G1007348";"MP";="CONEXAO COTOVELO MACHO 1/4 X 10MM ENG RAPIDO";="PC";"1,0000";"3,25";"39174090";"0,00";"1";"0,00"
"2";="I2007257";"PP";="KIT ESCORVA";="CJ";="G1009129";"MC";="REGISTRO SEXTAVADO 1/4POL 1120";="PC";"1,0000";"0,00";"84818095";"0,00";"0";"0,00"
"2";="I2007257";"PP";="KIT ESCORVA";="CJ";="G1014176";"MP";="ADAPTADOR AGR1/2POL AGN3/8POL - GEHB08HN06";="PC";"1,0000";"0,00";"73079200";"0,00";"0";"0,00"
"2";="I2007257";"PP";="KIT ESCORVA";="CJ";="G1019036";"MP";="DH GERADOR DE VACUO MGV 20";="PC";"1,0000";"0,00";"84798999";"0,00";"0";"0,00"
"2";="I2007257";"PP";="KIT ESCORVA";="CJ";="I2007255";"PP";="DISTRIBUIDOR DE AR ESCORVA";="CJ";"1,0000";"0,00";"87169010";"0,00";"0";"0,00"
"3";="I2007255";"PP";="DISTRIBUIDOR DE AR ESCORVA";="CJ";="G1007348";"MP";="CONEXAO COTOVELO MACHO 1/4 X 10MM ENG RAPIDO";="PC";"1,0000";"3,25";"39174090";"0,00";"1";"0,00"
"3";="I2007255";"PP";="DISTRIBUIDOR DE AR ESCORVA";="CJ";="G1009129";"MC";="REGISTRO SEXTAVADO 1/4POL 1120";="PC";"7,0000";"0,00";"84818095";"0,00";"0";"0,00"
"3";="I2007255";"PP";="DISTRIBUIDOR DE AR ESCORVA";="CJ";="G1009196";"MP";="NIPLE DUPLO FG NBR 6590 1/2"" BSP NBR 6943 150LBS";="PC";"1,0000";"9,75";"73071990";"0,00";"0";"0,00"
"3";="I2007255";"PP";="DISTRIBUIDOR DE AR ESCORVA";="CJ";="G1009201";"MP";="CONECTOR RETO TUBO 10 X ROSCA MACHO 1/4POL NPT";="PC";"7,0000";"0,00";"74122000";"0,00";"0";"0,00"
"3";="I2007255";"PP";="DISTRIBUIDOR DE AR ESCORVA";="CJ";="G1013235";"MP";="ADAP TEE 90 FG NBR 6590 1/4"" BSP NBR 6943 150LBS";="PC";"1,0000";"0,00";"73071990";"0,00";"0";"0,00"
"3";="I2007255";"PP";="DISTRIBUIDOR DE AR ESCORVA";="CJ";="G3002236";"MP";="PF SX FL SERRILHADO M8 X 1,25 X 25 CL8.8 DIN6921 ZF";="PC";"4,0000";"3,25";"73181500";"0,00";"0";"0,00"
"3";="I2007255";"PP";="DISTRIBUIDOR DE AR ESCORVA";="CJ";="G3007835";"MP";="PO SX FL SERRILHADO M8 X 1,25 CL8 DIN6923 MACROCOLT";="PC";"4,0000";"6,50";"73181600";"0,00";"0";"0,00"
"3";="I2007255";"PP";="DISTRIBUIDOR DE AR ESCORVA";="CJ";="G3016892";"MC";="NIPLE DUPLO FG NBR 6590 1/4"" BSP NBR 6943 150LBS";="PC";"1,0000";"0,00";"73072900";"0,00";"0";"0,00"
"3";="I2007255";"PP";="DISTRIBUIDOR DE AR ESCORVA";="CJ";="I1007325";"PP";="LUVA COM ROSCA 1/4""";="PC";"7,0000";"3,25";"87169010";"0,00";"0";"0,00"
"4";="I1007325";"PP";="LUVA COM ROSCA 1/4""";="PC";="G2000069";"MP";="BARRA REDONDA SAE1020 22,22MM LAMINADA";="KG";"0,2800";"9,75";"72283000";"0,00";"0";"0,00"
"3";="I2007255";"PP";="DISTRIBUIDOR DE AR ESCORVA";="CJ";="I1008449";"PP";="TUBO DISTRIBUIDOR DE AR";="PC";"1,0000";"0,00";"87169010";"0,00";"0";"0,00"
"4";="I1008449";"PP";="TUBO DISTRIBUIDOR DE AR";="PC";="G2005789";"MP";="TUBO DIN 2440 NBR5580 33,70 X 27,20 X 3,25MM";="KG";"1,2800";"3,25";"73063000";"0,00";"0";"0,00"
"3";="I2007255";"PP";="DISTRIBUIDOR DE AR ESCORVA";="CJ";="I1008450";"PP";="BASE DISTRIBUIDOR DE AR";="PC";"1,0000";"0,00";"87169010";"0,00";"0";"0,00"
"4";="I1008450";"PP";="BASE DISTRIBUIDOR DE AR";="PC";="G2005931";"MP";="CHAPA ACO A36 4,75MM";="KG";"0,2200";"0,00";"72085200";"0,00";"0";"0,00"
"2";="I2007257";"PP";="KIT ESCORVA";="CJ";="I2008026";"PP";="CONJ PONTEIRA COM MANG SUCCAO 2 METROS";="CJ";"1,0000";"0,00";"87169090";"0,00";"0";"0,00"
"3";="I2008026";"PP";="CONJ PONTEIRA COM MANG SUCCAO 2 METROS";="CJ";="G1018185";"MP";="ADAPTADOR ALUMINIO MACHO 1"" X ESPIGAO 1""";="PC";"1,0000";"0,00";"76090000";"0,00";"0";"0,00"
"3";="I2008026";"PP";="CONJ PONTEIRA COM MANG SUCCAO 2 METROS";="CJ";="I1025128";"PP";="MANG SUCCAO E DESC AZUL 1"" X 2 METROS";="PC";"1,0000";"0,00";"87169010";"0,00";"0";"0,00"
"4";="I1025128";"PP";="MANG SUCCAO E DESC AZUL 1"" X 2 METROS";="PC";="G1018186";"MP";="MANG SUCCAO E DESCARGA AZUL 1""";="MT";"0,2000";"0,00";"39173900";"0,00";"0";"0,00"
"1";="I3001192";"PA";="COMBOIO 10.000L 6 4 1 AGUA 3 RESERV ALTA VAZAO VM 290 6X4R EE 4800 MAN . 2026";="CJ";="I2010998";"PP";="TANQUE PRESSURIZADO 230 LITROS COM ESCORVA DIR";="CJ";"3,0000";"0,00";"87169010";"0,00";"0";"0,00"
"2";="I2010998";"PP";="TANQUE PRESSURIZADO 230 LITROS COM ESCORVA DIR";="CJ";="G1003417";"MP";="REBITE ALUMINIO 3,2 X 12MM";="PC";"6,0000";"3,25";"76161000";"0,00";"0";"0,00"
"2";="I2010998";"PP";="TANQUE PRESSURIZADO 230 LITROS COM ESCORVA DIR";="CJ";="G1004237";"MP";="INSERT DE COMPRESSAO 10MM";="UN";"6,0000";"3,25";"74122000";"0,00";"0";"0,00"
"2";="I2010998";"PP";="TANQUE PRESSURIZADO 230 LITROS COM ESCORVA DIR";="CJ";="G1006118";"MP";="CONEXAO COTOVELO MACHO C/ PO E ANILHA 10MM X 1/4"" NPT LATAO";="PC";"6,0000";"0,00";"39174090";"0,00";"1";"0,00"
"2";="I2010998";"PP";="TANQUE PRESSURIZADO 230 LITROS COM ESCORVA DIR";="CJ";="G1007287";"MP";="REGISTRO ESFERA 1POL";="PC";"3,0000";"3,25";"84818093";"0,00";"0";"0,00"
"2";="I2010998";"PP";="TANQUE PRESSURIZADO 230 LITROS COM ESCORVA DIR";="CJ";="G1009174";"MC";="ANEL ORING 46,99X5,33MM (COD PARKER 2328)";="PC";"3,0000";"3,25";"40169300";"0,00";"0";"0,00"
"2";="I2010998";"PP";="TANQUE PRESSURIZADO 230 LITROS COM ESCORVA DIR";="CJ";="G1009195";"MP";="VALVULA DE SEGURANCA 175 PSI 1/4'' NPT";="PC";"3,0000";"0,00";"84814000";"0,00";"0";"0,00"
"2";="I2010998";"PP";="TANQUE PRESSURIZADO 230 LITROS COM ESCORVA DIR";="CJ";="G1009201";"MP";="CONECTOR RETO TUBO 10 X ROSCA MACHO 1/4POL NPT";="PC";"3,0000";"0,00";"74122000";"0,00";"0";"0,00"
"2";="I2010998";"PP";="TANQUE PRESSURIZADO 230 LITROS COM ESCORVA DIR";="CJ";="G1009849";"MP";="NIPLE DUPLO FG NBR 6590 1'' BSP NBR 6943 150LBS";="PC";"3,0000";"0,00";"74122000";"0,00";"0";"0,00"
"2";="I2010998";"PP";="TANQUE PRESSURIZADO 230 LITROS COM ESCORVA DIR";="CJ";="G1015398";"MP";="PLAQUETA ALUMINIO 100 X 40 SERIE VASO DE PRESSAO CONF DES";="PC";"3,0000";"0,00";"73269090";"0,00";"0";"0,00"
"2";="I2010998";"PP";="TANQUE PRESSURIZADO 230 LITROS COM ESCORVA DIR";="CJ";="G1018184";"MP";="ACOPLADOR ALUMINIO FEMEA 1"" X ROSCA INT BSP 1"" 11 FIOS";="PC";"3,0000";"0,00";"76090000";"0,00";"0";"0,00"
"2";="I2010998";"PP";="TANQUE PRESSURIZADO 230 LITROS COM ESCORVA DIR";="CJ";="G1018205";"MP";="ADAPTADOR TAMPAO DE ALUMINIO 1''";="PC";"3,0000";"0,00";"76090000";"0,00";"0";"0,00"
"2";="I2010998";"PP";="TANQUE PRESSURIZADO 230 LITROS COM ESCORVA DIR";="CJ";="G1022571";"MP";="CURVA AC ASTM A234 GR WPB 90 RL SCH40 1"" ANSI B 16.9 PS DIAM EXT 33,40MM ESP 3,38MM";="PC";"3,0000";"0,00";"73063000";"0,00";"0";"0,00"
"2";="I2010998";"PP";="TANQUE PRESSURIZADO 230 LITROS COM ESCORVA DIR";="CJ";="G3002307";"MP";="PF SX FL M12 X 1,75 X 30 CL8.8 DIN 6921 ZF";="PC";"12,0000";"3,25";"73181500";"0,00";"0";"0,00"
"2";="I2010998";"PP";="TANQUE PRESSURIZADO 230 LITROS COM ESCORVA DIR";="CJ";="G3006152";"MP";="CURVA AC ASTM A234 GR WPB 90 RL SCH40 3/4"" ANSI B 16.9 PS DIAM EXT 26,67MM ESP 2,87MM";="PC";"3,0000";"0,00";"72111400";"0,00";"0";"0,00"
"2";="I2010998";"PP";="TANQUE PRESSURIZADO 230 LITROS COM ESCORVA DIR";="CJ";="G3007837";"MP";="PO SX FL M12 X 1,75 CL8 TORQ DIN6927 ZF";="PC";"12,0000";"6,50";"73181600";"0,00";"0";"0,00"
"2";="I2010998";"PP";="TANQUE PRESSURIZADO 230 LITROS COM ESCORVA DIR";="CJ";="I1007167";"PP";="CALOTA SUPERIOR 575 EXT X 4,75MM";="PC";"3,0000";"3,25";"87169010";"0,00";"0";"0,00"
"3";="I1007167";"PP";="CALOTA SUPERIOR 575 EXT X 4,75MM";="PC";="G2005931";"MP";="CHAPA ACO A36 4,75MM";="KG";"39,7800";"0,00";"72085200";"0,00";"0";"0,00"
"2";="I2010998";"PP";="TANQUE PRESSURIZADO 230 LITROS COM ESCORVA DIR";="CJ";="I1007206";"PP";="TAMPA COM ROSCA M45 X 4,5";="PC";"3,0000";"3,25";"87169010";"0,00";"0";"0,00"
"3";="I1007206";"PP";="TAMPA COM ROSCA M45 X 4,5";="PC";="G2000166";"MP";="BARRA REDONDA SAE1020 63,50MM LAMINADA";="KG";"1,1100";"3,25";"72283000";"0,00";"3";"0,00"
"2";="I2010998";"PP";="TANQUE PRESSURIZADO 230 LITROS COM ESCORVA DIR";="CJ";="I1007207";"PP";="LUVA COM ROSCA M45 X 4,5";="PC";"3,0000";"3,25";"87169010";"0,00";"0";"0,00"
"3";="I1007207";"PP";="LUVA COM ROSCA M45 X 4,5";="PC";="G2005756";"MP";="TUBO MECANICO VMEC 134 AP DN 62 X 41 X 10,50MM";="KG";"1,2900";"5,20";"73043910";"0,00";"0";"0,00"
"2";="I2010998";"PP";="TANQUE PRESSURIZADO 230 LITROS COM ESCORVA DIR";="CJ";="I1007208";"PP";="MANIPULO DA TAMPA";="PC";"3,0000";"3,25";"87169010";"0,00";"0";"0,00"
"3";="I1007208";"PP";="MANIPULO DA TAMPA";="PC";="G2000052";"MP";="BARRA REDONDA SAE1020 9,52MM TREFILADA";="KG";"0,2400";"5,20";"72155000";"0,00";"0";"0,00"
"2";="I2010998";"PP";="TANQUE PRESSURIZADO 230 LITROS COM ESCORVA DIR";="CJ";="I1007322";"PP";="BOLACHA 4,75 X DIAM50MM";="PC";"3,0000";"3,25";"87169010";"0,00";"0";"0,00"
"3";="I1007322";"PP";="BOLACHA 4,75 X DIAM50MM";="PC";="G2005931";"MP";="CHAPA ACO A36 4,75MM";="KG";"0,2100";"0,00";"72085200";"0,00";"0";"0,00"
"2";="I2010998";"PP";="TANQUE PRESSURIZADO 230 LITROS COM ESCORVA DIR";="CJ";="I1007323";"PP";="COSTADO DO TANQUE 4,75 X 569 X 850";="PC";"3,0000";"3,25";"87169010";"0,00";"0";"0,00"
"3";="I1007323";"PP";="COSTADO DO TANQUE 4,75 X 569 X 850";="PC";="G2005931";"MP";="CHAPA ACO A36 4,75MM";="KG";"171,0600";"0,00";"72085200";"0,00";"0";"0,00"
"2";="I2010998";"PP";="TANQUE PRESSURIZADO 230 LITROS COM ESCORVA DIR";="CJ";="I1007325";"PP";="LUVA COM ROSCA 1/4""";="PC";"12,0000";"3,25";"87169010";"0,00";"0";"0,00"
"3";="I1007325";"PP";="LUVA COM ROSCA 1/4""";="PC";="G2000069";"MP";="BARRA REDONDA SAE1020 22,22MM LAMINADA";="KG";"0,4800";"9,75";"72283000";"0,00";"0";"0,00"
"2";="I2010998";"PP";="TANQUE PRESSURIZADO 230 LITROS COM ESCORVA DIR";="CJ";="I1007326";"PP";="U FIXACAO TANQUE PRESSURIZADO 75 X 100 X 75";="PC";"12,0000";"3,25";"87169010";"0,00";"0";"0,00"
"3";="I1007326";"PP";="U FIXACAO TANQUE PRESSURIZADO 75 X 100 X 75";="PC";="G2005887";"MP";="CHAPA ACO A36 6,35MM";="KG";"5,4000";"3,25";"72085200";"0,00";"5";"0,00"
"2";="I2010998";"PP";="TANQUE PRESSURIZADO 230 LITROS COM ESCORVA DIR";="CJ";="I1007328";"PP";="LUVA COM ROSCA 3/4""";="PC";"3,0000";"3,25";"87169010";"0,00";"0";"0,00"
"3";="I1007328";"PP";="LUVA COM ROSCA 3/4""";="PC";="G2000073";"MP";="BARRA REDONDA SAE1020 41,27MM LAMINADA";="KG";"0,4800";"3,25";"72283000";"0,00";"0";"0,00"
"2";="I2010998";"PP";="TANQUE PRESSURIZADO 230 LITROS COM ESCORVA DIR";="CJ";="I1008714";"PP";="NIPLE 1""";="PC";"3,0000";"0,00";"87169010";"0,00";"0";"0,00"
"3";="I1008714";"PP";="NIPLE 1""";="PC";="G2000183";"MP";="TUBO REDONDO NBR 5590 ANSI B 36.10 SCH40 COM COSTURA 33,40 X 26,64 X 3,38MM";="KG";"0,3900";"3,25";"73063000";"0,00";"0";"0,00"
"2";="I2010998";"PP";="TANQUE PRESSURIZADO 230 LITROS COM ESCORVA DIR";="CJ";="I1008838";"PP";="VISOR DE NIVEL RESERVATORIO";="PC";"3,0000";"5,20";"87169010";"0,00";"0";"0,00"
"3";="I1008838";"PP";="VISOR DE NIVEL RESERVATORIO";="PC";="G1012232";"MP";="TUBO NYLON TRANSP. PA 6 - DIAM EXT 10 X DIAM INT 07MM - VISOR NIVEL";="MT";"5,2350";"3,25";"59090000";"0,00";"0";"0,00"
"2";="I2010998";"PP";="TANQUE PRESSURIZADO 230 LITROS COM ESCORVA DIR";="CJ";="I1012022";"PP";="ADESIVO ESCALA DE VOLUME";="PC";"3,0000";"0,00";"87169010";"0,00";"0";"0,00"
"3";="I1012022";"PP";="ADESIVO ESCALA DE VOLUME";="PC";="G2006323";"MP";="CHAPA ACO A36 1,00MM";="KG";"0,1500";"0,00";"72085300";"0,00";"0";"0,00"
"2";="I2010998";"PP";="TANQUE PRESSURIZADO 230 LITROS COM ESCORVA DIR";="CJ";="I1022658";"PP";="SUPORTE PLAQUETA RESERV PRESS 2 X 20 X 103 X 45 4 DIAM 4,10";="PC";"3,0000";"0,00";"87169010";"0,00";"0";"0,00"
"3";="I1022658";"PP";="SUPORTE PLAQUETA RESERV PRESS 2 X 20 X 103 X 45 4 DIAM 4,10";="PC";="G2005932";"MP";="CHAPA ACO A36 2,00MM";="KG";"0,2700";"3,25";"72085400";"0,00";"5";"0,00"
"2";="I2010998";"PP";="TANQUE PRESSURIZADO 230 LITROS COM ESCORVA DIR";="CJ";="I1030356";"PP";="CALOTA INFERIOR 575 EXT X 4,75MM";="PC";"3,0000";"0,00";"87169010";"0,00";"0";"0,00"
"3";="I1030356";"PP";="CALOTA INFERIOR 575 EXT X 4,75MM";="PC";="G2005931";"MP";="CHAPA ACO A36 4,75MM";="KG";"39,9900";"0,00";"72085200";"0,00";"0";"0,00"
"2";="I2010998";"PP";="TANQUE PRESSURIZADO 230 LITROS COM ESCORVA DIR";="CJ";="I1033122";"PP";="SUPORTE TANQUE PRESSURIZADO PARA 4 FIXADOR";="PC";"3,0000";"0,00";"87169010";"0,00";"0";"0,00"
"3";="I1033122";"PP";="SUPORTE TANQUE PRESSURIZADO PARA 4 FIXADOR";="PC";="G2005931";"MP";="CHAPA ACO A36 4,75MM";="KG";"22,4700";"0,00";"72085200";"0,00";"0";"0,00"
"2";="I2010998";"PP";="TANQUE PRESSURIZADO 230 LITROS COM ESCORVA DIR";="CJ";="I1034636";"PP";="TUBO 26,90 X 2,65 X 200,00 COM ROSCA 3 4"" BSP";="PC";"3,0000";"0,00";"87169010";"0,00";"0";"0,00"
"3";="I1034636";"PP";="TUBO 26,90 X 2,65 X 200,00 COM ROSCA 3 4"" BSP";="PC";="G2000380";"MP";="TUBO DIN 2440 NBR5580 26,90 X 21,60 X 2,65MM";="KG";"0,9600";"3,25";"73063000";"0,00";"0";"0,00"
"2";="I2010998";"PP";="TANQUE PRESSURIZADO 230 LITROS COM ESCORVA DIR";="CJ";="I2010009";"PP";="SISTEMA DE DESCARREGAMENTO TANQUE PRESSURIZADO COMBOIO";="CJ";"3,0000";"0,00";"87169010";"0,00";"0";"0,00"
"3";="I2010009";"PP";="SISTEMA DE DESCARREGAMENTO TANQUE PRESSURIZADO COMBOIO";="CJ";="G1007311";"MP";="CONEXAO ROSCADA 3/4"" NPT MACHO - JIC 1/2"" MACHO";="PC";"3,0000";"3,25";"73079200";"0,00";"0";"0,00"
"3";="I2010009";"PP";="SISTEMA DE DESCARREGAMENTO TANQUE PRESSURIZADO COMBOIO";="CJ";="G1009132";"MP";="FILTRO DE REDE Y 3/4""";="PC";"3,0000";"5,20";"84671900";"0,00";"0";"0,00"
"3";="I2010009";"PP";="SISTEMA DE DESCARREGAMENTO TANQUE PRESSURIZADO COMBOIO";="CJ";="G1009199";"MC";="REGISTRO ESFERA 3/4POL";="PC";"3,0000";"3,25";"84818095";"0,00";"0";"0,00"
"3";="I2010009";"PP";="SISTEMA DE DESCARREGAMENTO TANQUE PRESSURIZADO COMBOIO";="CJ";="G1012130";"MP";="ADAPTADOR AGR1POL WD AGJ1.1/16POL - GEHRED16HJ12";="PC";"3,0000";"6,50";"73079200";"0,00";"0";"0,00"
"1";="I3001192";"PA";="COMBOIO 10.000L 6 4 1 AGUA 3 RESERV ALTA VAZAO VM 290 6X4R EE 4800 MAN . 2026";="CJ";="I2011001";"PP";="CONJ PARALAMA COMBOIO 10000 L";="CJ";"1,0000";"0,00";"87169010";"0,00";"0";"0,00"
"2";="I2011001";"PP";="CONJ PARALAMA COMBOIO 10000 L";="CJ";="G1000025";"MP";="PARA BARRO C/ LOGO 600 X 605 CONF DES";="PC";"4,0000";"3,25";"87169090";"0,00";"0";"0,00"
"2";="I2011001";"PP";="CONJ PARALAMA COMBOIO 10000 L";="CJ";="I1000227";"PP";="CHAPA PARALAMAS 3 X 45 X 595 4DIAM10";="PC";"4,0000";"9,75";"87169090";"0,00";"0";"0,00"
"3";="I1000227";"PP";="CHAPA PARALAMAS 3 X 45 X 595 4DIAM10";="PC";="G2005882";"MP";="CHAPA ACO A36 3,00MM";="KG";"2,4800";"3,25";"72085300";"0,00";"0";"0,00"
"2";="I2011001";"PP";="CONJ PARALAMA COMBOIO 10000 L";="CJ";="I1011680";"PP";="CHAPA PARALAMAS 2 X 200 X 245";="PC";"4,0000";"0,00";"87169010";"0,00";"0";"0,00"
"3";="I1011680";"PP";="CHAPA PARALAMAS 2 X 200 X 245";="PC";="G2005932";"MP";="CHAPA ACO A36 2,00MM";="KG";"1,6400";"3,25";"72085400";"0,00";"5";"0,00"
"2";="I2011001";"PP";="CONJ PARALAMA COMBOIO 10000 L";="CJ";="I2013558";"PP";="CONJ FIX PARAF FL M8 X 25  E PORCA FL M8";="CJ";"16,0000";"0,00";"87169090";"0,00";"0";"0,00"
"3";="I2013558";"PP";="CONJ FIX PARAF FL M8 X 25  E PORCA FL M8";="CJ";="G3002236";"MP";="PF SX FL SERRILHADO M8 X 1,25 X 25 CL8.8 DIN6921 ZF";="PC";"16,0000";"3,25";"73181500";"0,00";"0";"0,00"
"3";="I2013558";"PP";="CONJ FIX PARAF FL M8 X 25  E PORCA FL M8";="CJ";="G3007835";"MP";="PO SX FL SERRILHADO M8 X 1,25 CL8 DIN6923 MACROCOLT";="PC";"16,0000";"6,50";"73181600";"0,00";"0";"0,00"
"1";="I3001192";"PA";="COMBOIO 10.000L 6 4 1 AGUA 3 RESERV ALTA VAZAO VM 290 6X4R EE 4800 MAN . 2026";="CJ";="I2011002";"PP";="CONJ SUPORTE MANGUEIRA LAVADORA";="CJ";"1,0000";"0,00";"87169010";"0,00";"0";"0,00"
"2";="I2011002";"PP";="CONJ SUPORTE MANGUEIRA LAVADORA";="CJ";="I1016511";"PP";="SUP MANGUEIRA LAVADORA";="PC";"2,0000";"0,00";"87169010";"0,00";"0";"0,00"
"3";="I1016511";"PP";="SUP MANGUEIRA LAVADORA";="PC";="G2005932";"MP";="CHAPA ACO A36 2,00MM";="KG";"2,7600";"3,25";"72085400";"0,00";"5";"0,00"
"2";="I2011002";"PP";="CONJ SUPORTE MANGUEIRA LAVADORA";="CJ";="I2013558";"PP";="CONJ FIX PARAF FL M8 X 25  E PORCA FL M8";="CJ";"4,0000";"0,00";"87169090";"0,00";"0";"0,00"
"3";="I2013558";"PP";="CONJ FIX PARAF FL M8 X 25  E PORCA FL M8";="CJ";="G3002236";"MP";="PF SX FL SERRILHADO M8 X 1,25 X 25 CL8.8 DIN6921 ZF";="PC";"4,0000";"3,25";"73181500";"0,00";"0";"0,00"
"3";="I2013558";"PP";="CONJ FIX PARAF FL M8 X 25  E PORCA FL M8";="CJ";="G3007835";"MP";="PO SX FL SERRILHADO M8 X 1,25 CL8 DIN6923 MACROCOLT";="PC";"4,0000";"6,50";"73181600";"0,00";"0";"0,00"
"1";="I3001192";"PA";="COMBOIO 10.000L 6 4 1 AGUA 3 RESERV ALTA VAZAO VM 290 6X4R EE 4800 MAN . 2026";="CJ";="I2011007";"PP";="CONJ MONTAGEM ACESSORIO EXTERNO";="CJ";"1,0000";"0,00";"87169010";"0,00";"0";"0,00"
"2";="I2011007";"PP";="CONJ MONTAGEM ACESSORIO EXTERNO";="CJ";="G1006660";"MP";="PF SX M6 X 1,00 X 25 CL 8.8 DIN 933 RI ZB";="PC";"14,0000";"6,50";"73181500";"0,00";"0";"0,00"
"2";="I2011007";"PP";="CONJ MONTAGEM ACESSORIO EXTERNO";="CJ";="G1009282";"MP";="CAP PVC ROSCAVEL 3POL";="PC";"1,0000";"0,00";"39174090";"0,00";"0";"0,00"
"2";="I2011007";"PP";="CONJ MONTAGEM ACESSORIO EXTERNO";="CJ";="G1021155";"MP";="TAMPA DE INSPECAO ALUM 450MM MECANICA PREP P/ BOTTOM C/ VENTILACAO 90 VITON MGN COD 201429";="PC";"2,0000";"0,00";"84814000";"0,00";"0";"0,00"
"2";="I2011007";"PP";="CONJ MONTAGEM ACESSORIO EXTERNO";="CJ";="G3000325";"MP";="PO REBITE SX M6 X 1,00 TUBULAR ROSCA INT ZINCADO";="PC";"12,0000";"3,25";"73181600";"0,00";"0";"0,00"
"2";="I2011007";"PP";="CONJ MONTAGEM ACESSORIO EXTERNO";="CJ";="G3000951";"MP";="ARRUELA LISA M10 DIN125";="PC";"24,0000";"3,25";"73182100";"0,00";"0";"0,00"
"2";="I2011007";"PP";="CONJ MONTAGEM ACESSORIO EXTERNO";="CJ";="G3001012";"MP";="PO SX M10 X 1,50 CL8 DIN934 ZB";="PC";"12,0000";"3,25";"73181600";"0,00";"0";"0,00"
"2";="I2011007";"PP";="CONJ MONTAGEM ACESSORIO EXTERNO";="CJ";="G3001107";"MP";="PF SX M10 X 1,50 X 30 CL 8.8 DIN 933 RI ZF";="PC";"12,0000";"3,25";"73181500";"0,00";"0";"0,00"
"2";="I2011007";"PP";="CONJ MONTAGEM ACESSORIO EXTERNO";="CJ";="I2002650";"PP";="SUPORTE EXTINTOR LD";="CJ";"1,0000";"3,25";"87169010";"0,00";"0";"0,00"
"3";="I2002650";"PP";="SUPORTE EXTINTOR LD";="CJ";="G1003384";"MP";="PF SX M6 X 1,00 X 20 CL 8.8 DIN 933 RI ZF";="PC";"1,0000";"3,25";"73181500";"0,00";"0";"0,00"
"3";="I2002650";"PP";="SUPORTE EXTINTOR LD";="CJ";="G1004651";"MP";="PF SX FL M10 X 1,50 X 30 CL8.8 DIN6921 ZF";="PC";"4,0000";"9,75";"73181500";"0,00";"0";"0,00"
"3";="I2002650";"PP";="SUPORTE EXTINTOR LD";="CJ";="G1004660";"MP";="PO SX FL M10 X 1,50 CL 8 DIN 6927 TORQ  ZF";="PC";"4,0000";"6,50";"73181600";"0,00";"0";"0,00"
"3";="I2002650";"PP";="SUPORTE EXTINTOR LD";="CJ";="G1009283";"MC";="EXTINTOR PQS 8KG S/ SUPORTE";="UN";"1,0000";"0,00";"84241000";"0,00";"0";"0,00"
"3";="I2002650";"PP";="SUPORTE EXTINTOR LD";="CJ";="G3000308";"MP";="PO SX M6 X 1,00 CL8 DIN934 ZF";="PC";"1,0000";"3,25";"73181600";"0,00";"8";"0,00"
"3";="I2002650";"PP";="SUPORTE EXTINTOR LD";="CJ";="G3002424";"MP";="ARRUELA LISA M6 ZB";="PC";"2,0000";"6,50";"73182200";"0,00";"2";"0,00"
"3";="I2002650";"PP";="SUPORTE EXTINTOR LD";="CJ";="I1007592";"PP";="ABRACADEIRA FI X A";="PC";"1,0000";"3,25";"87169010";"0,00";"0";"0,00"
"4";="I1007592";"PP";="ABRACADEIRA FI X A";="PC";="G2005882";"MP";="CHAPA ACO A36 3,00MM";="KG";"0,2300";"3,25";"72085300";"0,00";"0";"0,00"
"3";="I2002650";"PP";="SUPORTE EXTINTOR LD";="CJ";="I1007593";"PP";="ABRACADEIRA MOVEL";="PC";"1,0000";"3,25";"87169010";"0,00";"0";"0,00"
"4";="I1007593";"PP";="ABRACADEIRA MOVEL";="PC";="G2005882";"MP";="CHAPA ACO A36 3,00MM";="KG";"0,2100";"3,25";"72085300";"0,00";"0";"0,00"
"3";="I2002650";"PP";="SUPORTE EXTINTOR LD";="CJ";="I1007594";"PP";="CANTONEIRA 20,00  X  20,00  X  30,00";="PC";"2,0000";"3,25";"87169010";"0,00";"0";"0,00"
"4";="I1007594";"PP";="CANTONEIRA 20,00  X  20,00  X  30,00";="PC";="G2005882";"MP";="CHAPA ACO A36 3,00MM";="KG";"0,0400";"3,25";"72085300";"0,00";"0";"0,00"
"3";="I2002650";"PP";="SUPORTE EXTINTOR LD";="CJ";="I1007595";"PP";="ARTICULACAO ABRACADEIRA 100,00  X  50,00";="PC";"1,0000";"3,25";"87169010";"0,00";"0";"0,00"
"4";="I1007595";"PP";="ARTICULACAO ABRACADEIRA 100,00  X  50,00";="PC";="G2005887";"MP";="CHAPA ACO A36 6,35MM";="KG";"0,0800";"3,25";"72085200";"0,00";"5";"0,00"
"3";="I2002650";"PP";="SUPORTE EXTINTOR LD";="CJ";="I1007596";"PP";="ARCO DIAM194,00 X 30,00";="PC";"1,0000";"3,25";"87169010";"0,00";"0";"0,00"
"4";="I1007596";"PP";="ARCO DIAM194,00 X 30,00";="PC";="G2005882";"MP";="CHAPA ACO A36 3,00MM";="KG";"0,4200";"3,25";"72085300";"0,00";"0";"0,00"
"3";="I2002650";"PP";="SUPORTE EXTINTOR LD";="CJ";="I1007597";"PP";="TRAVA DA ABRACADEIRA";="PC";"1,0000";"3,25";"87169010";"0,00";"0";"0,00"
"4";="I1007597";"PP";="TRAVA DA ABRACADEIRA";="PC";="G2005882";"MP";="CHAPA ACO A36 3,00MM";="KG";"0,0700";"3,25";"72085300";"0,00";"0";"0,00"
"3";="I2002650";"PP";="SUPORTE EXTINTOR LD";="CJ";="I1007598";"PP";="CARTOLA DE FI X ACAO";="PC";"1,0000";"0,00";"87169010";"0,00";"0";"0,00"
"4";="I1007598";"PP";="CARTOLA DE FI X ACAO";="PC";="G2005931";"MP";="CHAPA ACO A36 4,75MM";="KG";"1,6700";"0,00";"72085200";"0,00";"0";"0,00"
"3";="I2002650";"PP";="SUPORTE EXTINTOR LD";="CJ";="I1007599";"PP";="BASE DO SUPORTE";="PC";"1,0000";"0,00";"87169010";"0,00";"0";"0,00"
"4";="I1007599";"PP";="BASE DO SUPORTE";="PC";="G2005931";"MP";="CHAPA ACO A36 4,75MM";="KG";"1,0400";"0,00";"72085200";"0,00";"0";"0,00"
"3";="I2002650";"PP";="SUPORTE EXTINTOR LD";="CJ";="I1007600";"PP";="OHAL 3,00 X 20,00 X 25,00 DIAM8,00";="PC";"1,0000";"7,80";"87169010";"0,00";"0";"0,00"
"4";="I1007600";"PP";="OHAL 3,00 X 20,00 X 25,00 DIAM8,00";="PC";="G2005882";"MP";="CHAPA ACO A36 3,00MM";="KG";"0,0100";"3,25";"72085300";"0,00";"0";"0,00"
"2";="I2011007";"PP";="CONJ MONTAGEM ACESSORIO EXTERNO";="CJ";="I2002651";"PP";="SUPORTE EXTINTOR LE";="CJ";"1,0000";"3,25";"87169010";"0,00";"0";"0,00"
"3";="I2002651";"PP";="SUPORTE EXTINTOR LE";="CJ";="G1003384";"MP";="PF SX M6 X 1,00 X 20 CL 8.8 DIN 933 RI ZF";="PC";"1,0000";"3,25";"73181500";"0,00";"0";"0,00"
"3";="I2002651";"PP";="SUPORTE EXTINTOR LE";="CJ";="G1004651";"MP";="PF SX FL M10 X 1,50 X 30 CL8.8 DIN6921 ZF";="PC";"4,0000";"9,75";"73181500";"0,00";"0";"0,00"
"3";="I2002651";"PP";="SUPORTE EXTINTOR LE";="CJ";="G1004660";"MP";="PO SX FL M10 X 1,50 CL 8 DIN 6927 TORQ  ZF";="PC";"4,0000";"6,50";"73181600";"0,00";"0";"0,00"
"3";="I2002651";"PP";="SUPORTE EXTINTOR LE";="CJ";="G1009283";"MC";="EXTINTOR PQS 8KG S/ SUPORTE";="UN";"1,0000";"0,00";"84241000";"0,00";"0";"0,00"
"3";="I2002651";"PP";="SUPORTE EXTINTOR LE";="CJ";="G3000308";"MP";="PO SX M6 X 1,00 CL8 DIN934 ZF";="PC";"1,0000";"3,25";"73181600";"0,00";"8";"0,00"
"3";="I2002651";"PP";="SUPORTE EXTINTOR LE";="CJ";="G3002424";"MP";="ARRUELA LISA M6 ZB";="PC";"2,0000";"6,50";"73182200";"0,00";"2";"0,00"
"3";="I2002651";"PP";="SUPORTE EXTINTOR LE";="CJ";="I1007592";"PP";="ABRACADEIRA FI X A";="PC";"1,0000";"3,25";"87169010";"0,00";"0";"0,00"
"4";="I1007592";"PP";="ABRACADEIRA FI X A";="PC";="G2005882";"MP";="CHAPA ACO A36 3,00MM";="KG";"0,2300";"3,25";"72085300";"0,00";"0";"0,00"
"3";="I2002651";"PP";="SUPORTE EXTINTOR LE";="CJ";="I1007593";"PP";="ABRACADEIRA MOVEL";="PC";"1,0000";"3,25";"87169010";"0,00";"0";"0,00"
"4";="I1007593";"PP";="ABRACADEIRA MOVEL";="PC";="G2005882";"MP";="CHAPA ACO A36 3,00MM";="KG";"0,2100";"3,25";"72085300";"0,00";"0";"0,00"
"3";="I2002651";"PP";="SUPORTE EXTINTOR LE";="CJ";="I1007594";"PP";="CANTONEIRA 20,00  X  20,00  X  30,00";="PC";"2,0000";"3,25";"87169010";"0,00";"0";"0,00"
"4";="I1007594";"PP";="CANTONEIRA 20,00  X  20,00  X  30,00";="PC";="G2005882";"MP";="CHAPA ACO A36 3,00MM";="KG";"0,0400";"3,25";"72085300";"0,00";"0";"0,00"
"3";="I2002651";"PP";="SUPORTE EXTINTOR LE";="CJ";="I1007595";"PP";="ARTICULACAO ABRACADEIRA 100,00  X  50,00";="PC";"1,0000";"3,25";"87169010";"0,00";"0";"0,00"
"4";="I1007595";"PP";="ARTICULACAO ABRACADEIRA 100,00  X  50,00";="PC";="G2005887";"MP";="CHAPA ACO A36 6,35MM";="KG";"0,0800";"3,25";"72085200";"0,00";"5";"0,00"
"3";="I2002651";"PP";="SUPORTE EXTINTOR LE";="CJ";="I1007596";"PP";="ARCO DIAM194,00 X 30,00";="PC";"1,0000";"3,25";"87169010";"0,00";"0";"0,00"
"4";="I1007596";"PP";="ARCO DIAM194,00 X 30,00";="PC";="G2005882";"MP";="CHAPA ACO A36 3,00MM";="KG";"0,4200";"3,25";"72085300";"0,00";"0";"0,00"
"3";="I2002651";"PP";="SUPORTE EXTINTOR LE";="CJ";="I1007597";"PP";="TRAVA DA ABRACADEIRA";="PC";"1,0000";"3,25";"87169010";"0,00";"0";"0,00"
"4";="I1007597";"PP";="TRAVA DA ABRACADEIRA";="PC";="G2005882";"MP";="CHAPA ACO A36 3,00MM";="KG";"0,0700";"3,25";"72085300";"0,00";"0";"0,00"
"3";="I2002651";"PP";="SUPORTE EXTINTOR LE";="CJ";="I1007598";"PP";="CARTOLA DE FI X ACAO";="PC";"1,0000";"0,00";"87169010";"0,00";"0";"0,00"
"4";="I1007598";"PP";="CARTOLA DE FI X ACAO";="PC";="G2005931";"MP";="CHAPA ACO A36 4,75MM";="KG";"1,6700";"0,00";"72085200";"0,00";"0";"0,00"
"3";="I2002651";"PP";="SUPORTE EXTINTOR LE";="CJ";="I1007599";"PP";="BASE DO SUPORTE";="PC";"1,0000";"0,00";"87169010";"0,00";"0";"0,00"
"4";="I1007599";"PP";="BASE DO SUPORTE";="PC";="G2005931";"MP";="CHAPA ACO A36 4,75MM";="KG";"1,0400";"0,00";"72085200";"0,00";"0";"0,00"
"3";="I2002651";"PP";="SUPORTE EXTINTOR LE";="CJ";="I1007600";"PP";="OHAL 3,00 X 20,00 X 25,00 DIAM8,00";="PC";"1,0000";"7,80";"87169010";"0,00";"0";"0,00"
"4";="I1007600";"PP";="OHAL 3,00 X 20,00 X 25,00 DIAM8,00";="PC";="G2005882";"MP";="CHAPA ACO A36 3,00MM";="KG";"0,0100";"3,25";"72085300";"0,00";"0";"0,00"
"2";="I2011007";"PP";="CONJ MONTAGEM ACESSORIO EXTERNO";="CJ";="I2004140";"PP";="SINALIZACAO COMBOIO 10000 LITROS";="CJ";"1,0000";"0,00";"87169010";"0,00";"0";"0,00"
"3";="I2004140";"PP";="SINALIZACAO COMBOIO 10000 LITROS";="CJ";="G1002471";"MP";="CONECTOR 2 VIAS LANTERNA 7731 (ETE7731)";="PC";"1,0000";"3,25";"85444200";"0,00";"0";"0,00"
"3";="I2004140";"PP";="SINALIZACAO COMBOIO 10000 LITROS";="CJ";="G1009269";"MP";="SUPORTE PLACA DE ADV 300 X 300";="PC";"3,0000";"3,25";"39263000";"0,00";"0";"0,00"
"3";="I2004140";"PP";="SINALIZACAO COMBOIO 10000 LITROS";="CJ";="G1009270";"MP";="SUPORTE PLACA DE ADV 400 X 300";="PC";"4,0000";"3,25";"39263000";"0,00";"0";"0,00"
"3";="I2004140";"PP";="SINALIZACAO COMBOIO 10000 LITROS";="CJ";="G3000229";"MP";="FAIXA REFLETIVA LATERAL 300MM DIREITA";="PC";"25,0000";"3,25";"39191090";"0,00";"0";"0,00"
"3";="I2004140";"PP";="SINALIZACAO COMBOIO 10000 LITROS";="CJ";="G3000230";"MP";="FAIXA REFLETIVA LATERAL 300MM ESQUERDA";="PC";"25,0000";"3,25";"39191090";"0,00";"0";"0,00"
"3";="I2004140";"PP";="SINALIZACAO COMBOIO 10000 LITROS";="CJ";="G3000231";"MP";="ADESIVO REFLETIVO 0,10 X 2,40M PARA-CHOQUE CONF DES";="PC";"1,0000";"3,25";"39199090";"0,00";"0";"0,00"
"3";="I2004140";"PP";="SINALIZACAO COMBOIO 10000 LITROS";="CJ";="I1009027";"PP";="INSTALACAO ELETRICA";="PC";"1,0000";"3,25";"87169010";"0,00";"0";"0,00"
"4";="I1009027";"PP";="INSTALACAO ELETRICA";="PC";="G3003422";"MP";="CABO PP RET 2 X 0,75MM 70G 300V PT E BR 200MTS COD SINALSUL 9093";="MT";"16,0000";"3,25";"85443000";"0,00";"0";"0,00"
"2";="I2011007";"PP";="CONJ MONTAGEM ACESSORIO EXTERNO";="CJ";="I2010988";"PP";="CONJ TAMPA DE INSPECAO COMPARTIMENTO AGUA";="CJ";"1,0000";"0,00";"87169010";"0,00";"0";"0,00"
"3";="I2010988";"PP";="CONJ TAMPA DE INSPECAO COMPARTIMENTO AGUA";="CJ";="G1009282";"MP";="CAP PVC ROSCAVEL 3POL";="PC";"1,0000";"0,00";"39174090";"0,00";"0";"0,00"
"3";="I2010988";"PP";="CONJ TAMPA DE INSPECAO COMPARTIMENTO AGUA";="CJ";="G3000951";"MP";="ARRUELA LISA M10 DIN125";="PC";"24,0000";"3,25";"73182100";"0,00";"0";"0,00"
"3";="I2010988";"PP";="CONJ TAMPA DE INSPECAO COMPARTIMENTO AGUA";="CJ";="G3001012";"MP";="PO SX M10 X 1,50 CL8 DIN934 ZB";="PC";"12,0000";"3,25";"73181600";"0,00";"0";"0,00"
"3";="I2010988";"PP";="CONJ TAMPA DE INSPECAO COMPARTIMENTO AGUA";="CJ";="G3001107";"MP";="PF SX M10 X 1,50 X 30 CL 8.8 DIN 933 RI ZF";="PC";"12,0000";"3,25";"73181500";"0,00";"0";"0,00"
"3";="I2010988";"PP";="CONJ TAMPA DE INSPECAO COMPARTIMENTO AGUA";="CJ";="I1007214";"PP";="NIPLE SIMPLES 3""";="PC";"1,0000";"3,25";"87169010";"0,00";"0";"0,00"
"4";="I1007214";"PP";="NIPLE SIMPLES 3""";="PC";="G2000188";"MP";="TUBO REDONDO NBR 5590 ANSI B 36.10 SCH40 COM COSTURA 88,90 X 77,92 X 5,49MM";="KG";"0,7900";"3,25";"73041900";"0,00";"0";"0,00"
"3";="I2010988";"PP";="CONJ TAMPA DE INSPECAO COMPARTIMENTO AGUA";="CJ";="I1007362";"PP";="TAMPA COMPARTIMENTO DE AGUA  570 X 4,75";="PC";"1,0000";"3,25";"87169010";"0,00";"0";"0,00"
"4";="I1007362";"PP";="TAMPA COMPARTIMENTO DE AGUA  570 X 4,75";="PC";="G2005931";"MP";="CHAPA ACO A36 4,75MM";="KG";"9,2000";"0,00";"72085200";"0,00";"0";"0,00"
"3";="I2010988";"PP";="CONJ TAMPA DE INSPECAO COMPARTIMENTO AGUA";="CJ";="I1007363";"PP";="RESPIRO TAMPA COMPARTIMENTO DE AGUA";="PC";"1,0000";"3,25";"87169010";"0,00";"0";"0,00"
"4";="I1007363";"PP";="RESPIRO TAMPA COMPARTIMENTO DE AGUA";="PC";="G2000380";"MP";="TUBO DIN 2440 NBR5580 26,90 X 21,60 X 2,65MM";="KG";"0,7400";"3,25";"73063000";"0,00";"0";"0,00"
"2";="I2011007";"PP";="CONJ MONTAGEM ACESSORIO EXTERNO";="CJ";="I2011152";"PP";="CONJ TALHA TAMBOR DE GRAXA MOD 2024";="CJ";"1,0000";"0,00";"87169010";"0,00";"0";"0,00"
"3";="I2011152";"PP";="CONJ TALHA TAMBOR DE GRAXA MOD 2024";="CJ";="I2005356";"PP";="CONJ GARRA TRANSPORTE VERTICAL  TAMBOR GRAXA";="CJ";"1,0000";"0,00";"87169010";"0,00";"0";"0,00"
"4";="I2005356";"PP";="CONJ GARRA TRANSPORTE VERTICAL  TAMBOR GRAXA";="CJ";="G1004687";"MP";="PF SX M12 X 1,75 X 35 CL 8.8 DIN 933 RI ZF";="PC";"1,0000";"3,25";"73181500";"0,00";"0";"0,00"
"4";="I2005356";"PP";="CONJ GARRA TRANSPORTE VERTICAL  TAMBOR GRAXA";="CJ";="G3001079";"MP";="PO SX AUT TRAV M12 X 1,75 CL8 DIN985";="PC";"1,0000";"6,50";"73181600";"0,00";"0";"0,00"
"4";="I2005356";"PP";="CONJ GARRA TRANSPORTE VERTICAL  TAMBOR GRAXA";="CJ";="I2005354";"PP";="CONJ GARRA SIMPLES";="CJ";"1,0000";"0,00";"87169010";"0,00";"0";"0,00"
"5";="I2005354";"PP";="CONJ GARRA SIMPLES";="CJ";="I1015451";"PP";="GARRA SEM OLHAL 9,5";="PC";"1,0000";"0,00";"87169010";"0,00";"0";"0,00"
"6";="I1015451";"PP";="GARRA SEM OLHAL 9,5";="PC";="G2005884";"MP";="CHAPA ACO A36 9,52MM";="KG";"1,5700";"0,00";"72085200";"0,00";"0";"0,00"
"5";="I2005354";"PP";="CONJ GARRA SIMPLES";="CJ";="I1015453";"PP";="PERFIL L 4,75 X 35 X 35 X 150 R290";="PC";"1,0000";"0,00";"87169010";"0,00";"0";"0,00"
"6";="I1015453";"PP";="PERFIL L 4,75 X 35 X 35 X 150 R290";="PC";="G2005931";"MP";="CHAPA ACO A36 4,75MM";="KG";"0,3200";"0,00";"72085200";"0,00";"0";"0,00"
"4";="I2005356";"PP";="CONJ GARRA TRANSPORTE VERTICAL  TAMBOR GRAXA";="CJ";="I2005355";"PP";="CONJ GARRA COM OLHAL";="CJ";"1,0000";"0,00";"87169010";"0,00";"0";"0,00"
"5";="I2005355";"PP";="CONJ GARRA COM OLHAL";="CJ";="I1015453";"PP";="PERFIL L 4,75 X 35 X 35 X 150 R290";="PC";"1,0000";"0,00";"87169010";"0,00";"0";"0,00"
"6";="I1015453";"PP";="PERFIL L 4,75 X 35 X 35 X 150 R290";="PC";="G2005931";"MP";="CHAPA ACO A36 4,75MM";="KG";"0,3200";"0,00";"72085200";"0,00";"0";"0,00"
"5";="I2005355";"PP";="CONJ GARRA COM OLHAL";="CJ";="I1015454";"PP";="GARRA 9,5 COM OLHAL DIAM, 45MM";="PC";"1,0000";"0,00";"87169010";"0,00";"0";"0,00"
"6";="I1015454";"PP";="GARRA 9,5 COM OLHAL DIAM, 45MM";="PC";="G2005884";"MP";="CHAPA ACO A36 9,52MM";="KG";"1,8000";"0,00";"72085200";"0,00";"0";"0,00"
"3";="I2011152";"PP";="CONJ TALHA TAMBOR DE GRAXA MOD 2024";="CJ";="I2011153";"PP";="BRACO TALHA MOD 2024";="CJ";"1,0000";"0,00";"87169010";"0,00";"0";"0,00"
"4";="I2011153";"PP";="BRACO TALHA MOD 2024";="CJ";="I1015438";"PP";="TUBO REDONDO 3,75 X 60,30 X 52,80 X 550";="PC";"1,0000";"0,00";"87169010";"0,00";"0";"0,00"
"5";="I1015438";"PP";="TUBO REDONDO 3,75 X 60,30 X 52,80 X 550";="PC";="G2005707";"MP";="TUBO DIN 2440 NBR5580 60,30 X 52,80 X 3,75MM";="KG";"2,8200";"0,00";"73063000";"0,00";"0";"0,00"
"4";="I2011153";"PP";="BRACO TALHA MOD 2024";="CJ";="I1015441";"PP";="REFORCO TALHA 4,75 X 282 X 65";="PC";"1,0000";"0,00";"87169010";"0,00";"0";"0,00"
"5";="I1015441";"PP";="REFORCO TALHA 4,75 X 282 X 65";="PC";="G2005931";"MP";="CHAPA ACO A36 4,75MM";="KG";"0,2800";"0,00";"72085200";"0,00";"0";"0,00"
"4";="I2011153";"PP";="BRACO TALHA MOD 2024";="CJ";="I1015442";"PP";="OLHAL TALHA 9,5 X 160 X 138";="PC";"1,0000";"0,00";"87169010";"0,00";"0";"0,00"
"5";="I1015442";"PP";="OLHAL TALHA 9,5 X 160 X 138";="PC";="G2005884";"MP";="CHAPA ACO A36 9,52MM";="KG";"0,8600";"0,00";"72085200";"0,00";"0";"0,00"
"4";="I2011153";"PP";="BRACO TALHA MOD 2024";="CJ";="I1015443";"PP";="CHAPA 4,75 X 59 X 25 R30";="PC";"2,0000";"0,00";"87169010";"0,00";"0";"0,00"
"5";="I1015443";"PP";="CHAPA 4,75 X 59 X 25 R30";="PC";="G2005931";"MP";="CHAPA ACO A36 4,75MM";="KG";"0,0800";"0,00";"72085200";"0,00";"0";"0,00"
"4";="I2011153";"PP";="BRACO TALHA MOD 2024";="CJ";="I1033512";"PP";="TUBO REDONDO 3,75 X 60,30 X 52,80 X 780";="PC";"1,0000";"0,00";"87169010";"0,00";"0";"0,00"
"5";="I1033512";"PP";="TUBO REDONDO 3,75 X 60,30 X 52,80 X 780";="PC";="G2005707";"MP";="TUBO DIN 2440 NBR5580 60,30 X 52,80 X 3,75MM";="KG";"4,0200";"0,00";"73063000";"0,00";"0";"0,00"
"1";="I3001192";"PA";="COMBOIO 10.000L 6 4 1 AGUA 3 RESERV ALTA VAZAO VM 290 6X4R EE 4800 MAN . 2026";="CJ";="I2011282";"PP";="CONJ MONTAGEM FILTRO MAX 150 L";="CJ";"1,0000";"0,00";"87169010";"0,00";"0";"0,00"
"2";="I2011282";"PP";="CONJ MONTAGEM FILTRO MAX 150 L";="CJ";="G1000392";"MP";="REGISTRO ESFERA DE 1/2";="PC";"1,0000";"5,00";"84818095";"0,00";"0";"0,00"
"2";="I2011282";"PP";="CONJ MONTAGEM FILTRO MAX 150 L";="CJ";="G1000415";"MP";="FILTRO MAX 150 COMBOIO CONF DES (OBSOLETO UTILIZAR O G1024261)";="PC";"1,0000";"0,00";"84213100";"0,00";"0";"0,00"
"2";="I2011282";"PP";="CONJ MONTAGEM FILTRO MAX 150 L";="CJ";="G1004633";"MP";="BUCHA REDUCAO FG NBR 6590 150LBS 2"" BSP X 1"" BSP NBR 6943";="PC";"1,0000";"0,00";"73071990";"0,00";"0";"0,00"
"2";="I2011282";"PP";="CONJ MONTAGEM FILTRO MAX 150 L";="CJ";="G1004644";"MP";="ADAP RETO ACO NBR 7007 M 1"" NPT X M 1.5/8"" JIC 37";="PC";"1,0000";"0,00";"73079200";"0,00";"0";"0,00"
"2";="I2011282";"PP";="CONJ MONTAGEM FILTRO MAX 150 L";="CJ";="G1005335";"MP";="LUVA FG NBR 6590 F 2"" NBR 6943 BSP 150 LBS";="PC";"1,0000";"0,00";"73071910";"0,00";"0";"0,00"
"2";="I2011282";"PP";="CONJ MONTAGEM FILTRO MAX 150 L";="CJ";="G1005336";"MP";="COTOVELO 90 FG NBR 6590 F 2"" NBR 6943 BSP 150 LBS";="PC";"1,0000";"0,00";"73071910";"0,00";"0";"0,00"
"1";="I3001192";"PA";="COMBOIO 10.000L 6 4 1 AGUA 3 RESERV ALTA VAZAO VM 290 6X4R EE 4800 MAN . 2026";="CJ";="I2011419";"PP";="CONJ BOMBA TANQUE DE OLEO 02";="CJ";"1,0000";"0,00";"87169010";"0,00";"0";"0,00"
"2";="I2011419";"PP";="CONJ BOMBA TANQUE DE OLEO 02";="CJ";="G1001640";"MP";="ADAP RETO ACO NBR 7007 M FIXO 1.1/16"" JIC 37 UNS X M FIXO 1"" BSP";="PC";"2,0000";"3,25";"73079900";"0,00";"0";"0,00"
"2";="I2011419";"PP";="CONJ BOMBA TANQUE DE OLEO 02";="CJ";="G1002333";"MP";="PO SX M12 X 1,75 CL8 DIN934 ZB";="PC";"2,0000";"6,50";"73181600";"0,00";"0";"0,00"
"2";="I2011419";"PP";="CONJ BOMBA TANQUE DE OLEO 02";="CJ";="G1002666";"MP";="ADAP RETO ACO NBR 7007 M 1"" NPT X M 1.5/16"" JIC";="PC";"2,0000";"0,00";"73079900";"0,00";"0";"0,00"
"2";="I2011419";"PP";="CONJ BOMBA TANQUE DE OLEO 02";="CJ";="G1004651";"MP";="PF SX FL M10 X 1,50 X 30 CL8.8 DIN6921 ZF";="PC";"8,0000";"9,75";"73181500";"0,00";"0";"0,00"
"2";="I2011419";"PP";="CONJ BOMBA TANQUE DE OLEO 02";="CJ";="G1007287";"MP";="REGISTRO ESFERA 1POL";="PC";"4,0000";"3,25";"84818093";"0,00";"0";"0,00"
"2";="I2011419";"PP";="CONJ BOMBA TANQUE DE OLEO 02";="CJ";="G1007398";"MP";="ADAPTADOR RETO P SOLDA X MACHO 1 1/16 JIC 37";="PC";"1,0000";"0,00";"73079200";"0,00";"0";"0,00"
"2";="I2011419";"PP";="CONJ BOMBA TANQUE DE OLEO 02";="CJ";="G1008721";"MP";="ADAP ACO NBR 7007 MACHO PARA TUBO 1.5/16"" 12FPP JIC SOLDAVEL";="PC";"1,0000";"0,00";"73079900";"0,00";"0";"0,00"
"2";="I2011419";"PP";="CONJ BOMBA TANQUE DE OLEO 02";="CJ";="G1009097";"MP";="MOTOR HID 24 CC FL SAE B DIAM PIL 101,6 EIXO CILIN CHAV DIAM 25.4 X 50 -1 1/16 UNF-3/4 ODT";="PC";"1,0000";"0,00";"84136011";"0,00";"0";"0,00"
"2";="I2011419";"PP";="CONJ BOMBA TANQUE DE OLEO 02";="CJ";="G1009849";"MP";="NIPLE DUPLO FG NBR 6590 1'' BSP NBR 6943 150LBS";="PC";"3,0000";"0,00";"74122000";"0,00";"0";"0,00"
"2";="I2011419";"PP";="CONJ BOMBA TANQUE DE OLEO 02";="CJ";="G1009865";"MP";="ADAP TEE 90 FG NBR 6590 1'' BSP NBR 6943 150LBS";="PC";"1,0000";"6,50";"73071990";"0,00";"0";"0,00"
"2";="I2011419";"PP";="CONJ BOMBA TANQUE DE OLEO 02";="CJ";="G1017483";"MP";="BOMBA DE ENGRANAGEM 1"" ED 1 X 42 VEDACAO POR GAXETA";="PC";"1,0000";"0,00";"84136011";"0,00";"0";"0,00"
"2";="I2011419";"PP";="CONJ BOMBA TANQUE DE OLEO 02";="CJ";="G1018184";"MP";="ACOPLADOR ALUMINIO FEMEA 1"" X ROSCA INT BSP 1"" 11 FIOS";="PC";"1,0000";"0,00";"76090000";"0,00";"0";"0,00"
"2";="I2011419";"PP";="CONJ BOMBA TANQUE DE OLEO 02";="CJ";="G1018205";"MP";="ADAPTADOR TAMPAO DE ALUMINIO 1''";="PC";"1,0000";"0,00";"76090000";"0,00";"0";"0,00"
"2";="I2011419";"PP";="CONJ BOMBA TANQUE DE OLEO 02";="CJ";="G1021152";"MP";="VALVULA DE ALIVIO DISCO METALICO 1"" BSP 3,5 BAR";="PC";"1,0000";"0,00";"84812090";"0,00";"0";"0,00"
"2";="I2011419";"PP";="CONJ BOMBA TANQUE DE OLEO 02";="CJ";="G3000223";"MP";="ARRUELA LISA M8";="UN";"4,0000";"9,75";"73182100";"0,00";"0";"0,00"
"2";="I2011419";"PP";="CONJ BOMBA TANQUE DE OLEO 02";="CJ";="G3000303";"MP";="PF SX M8 X 1,25 X 30 CL 5.8 DIN 933 RI ZF";="PC";"8,0000";"3,25";"73181500";"0,00";"8";"0,00"
"2";="I2011419";"PP";="CONJ BOMBA TANQUE DE OLEO 02";="CJ";="G3000309";"MP";="PO SX M8 X 1,25 CL 8 DIN 934 ZF";="PC";"8,0000";"3,25";"73181600";"0,00";"0";"0,00"
"2";="I2011419";"PP";="CONJ BOMBA TANQUE DE OLEO 02";="CJ";="G3001126";"MP";="ARRUELA LISA M12 ZB";="PC";"2,0000";"3,25";"73182100";"0,00";"0";"0,00"
"2";="I2011419";"PP";="CONJ BOMBA TANQUE DE OLEO 02";="CJ";="G3001749";"MP";="PF SX M12 X 1,75 X 50 CL8.8 DIN933 RI ZF";="PC";"2,0000";"3,25";"73181500";"0,00";"0";"0,00"
"2";="I2011419";"PP";="CONJ BOMBA TANQUE DE OLEO 02";="CJ";="G3008085";"MP";="PO SX FL M10 X 1,50 CL 8.8 DIN 6923 ZF";="PC";"8,0000";"9,75";"73181600";"0,00";"0";"0,00"
"2";="I2011419";"PP";="CONJ BOMBA TANQUE DE OLEO 02";="CJ";="I1008714";"PP";="NIPLE 1""";="PC";"2,0000";"0,00";"87169010";"0,00";"0";"0,00"
"3";="I1008714";"PP";="NIPLE 1""";="PC";="G2000183";"MP";="TUBO REDONDO NBR 5590 ANSI B 36.10 SCH40 COM COSTURA 33,40 X 26,64 X 3,38MM";="KG";"0,2600";"3,25";"73063000";"0,00";"0";"0,00"
"2";="I2011419";"PP";="CONJ BOMBA TANQUE DE OLEO 02";="CJ";="I1022639";"PP";="FLANGE 9,52 X 95 X 30 4 FUROS";="PC";"4,0000";"0,00";"87169010";"0,00";"0";"0,00"
"3";="I1022639";"PP";="FLANGE 9,52 X 95 X 30 4 FUROS";="PC";="G2005885";"MP";="CHAPA ACO A36 12,70MM";="KG";"1,4800";"0,00";"72085100";"0,00";"0";"0,00"
"2";="I2011419";"PP";="CONJ BOMBA TANQUE DE OLEO 02";="CJ";="I1022653";"PP";="PERFIL U 6,35 X 90 X 90 X 200 X 180 SUP MOTOR HID";="PC";"1,0000";"0,00";"87169010";"0,00";"0";"0,00"
"3";="I1022653";"PP";="PERFIL U 6,35 X 90 X 90 X 200 X 180 SUP MOTOR HID";="PC";="G2005887";"MP";="CHAPA ACO A36 6,35MM";="KG";"1,8100";"3,25";"72085200";"0,00";"5";"0,00"
"2";="I2011419";"PP";="CONJ BOMBA TANQUE DE OLEO 02";="CJ";="I1022660";"PP";="ACOPLAMENTO FLEXIVEL AC 28";="PC";"1,0000";"0,00";"87169010";"0,00";"0";"0,00"
"3";="I1022660";"PP";="ACOPLAMENTO FLEXIVEL AC 28";="PC";="G1017788";"MP";="ACOPLAMENTO FLEXIVEL AC 28";="PC";"1,0000";"0,00";"84836090";"0,00";"0";"0,00"
"2";="I2011419";"PP";="CONJ BOMBA TANQUE DE OLEO 02";="CJ";="I1022780";"PP";="PROTECAO ACOPLAMENTO 2 X 90 X 200 X 130";="PC";"1,0000";"0,00";"87169010";"0,00";"0";"0,00"
"3";="I1022780";"PP";="PROTECAO ACOPLAMENTO 2 X 90 X 200 X 130";="PC";="G2005932";"MP";="CHAPA ACO A36 2,00MM";="KG";"0,8000";"3,25";"72085400";"0,00";"5";"0,00"
"2";="I2011419";"PP";="CONJ BOMBA TANQUE DE OLEO 02";="CJ";="I1034317";"PP";="TUBO 33 40 X 3 38 X 76 30 1 REC";="PC";"1,0000";"0,00";"87169010";"0,00";"0";"0,00"
"3";="I1034317";"PP";="TUBO 33 40 X 3 38 X 76 30 1 REC";="PC";="G2005798";"MP";="TUBO REDONDO NBR 5590 ANSI B 36.10 SCH40 SEM COSTURA 33,40 X 26,64 X 3,38MM";="KG";"0,1800";"0,00";"73063000";"0,00";"0";"0,00"
"2";="I2011419";"PP";="CONJ BOMBA TANQUE DE OLEO 02";="CJ";="I1034318";"PP";="TUBO 33 40 X 3 38 X 60 00 1 REC ROSCA BSP 1";="PC";"2,0000";"0,00";"87169010";"0,00";"0";"0,00"
"3";="I1034318";"PP";="TUBO 33 40 X 3 38 X 60 00 1 REC ROSCA BSP 1";="PC";="G2005798";"MP";="TUBO REDONDO NBR 5590 ANSI B 36.10 SCH40 SEM COSTURA 33,40 X 26,64 X 3,38MM";="KG";"0,2800";"0,00";"73063000";"0,00";"0";"0,00"
"2";="I2011419";"PP";="CONJ BOMBA TANQUE DE OLEO 02";="CJ";="I1034320";"PP";="PERFIL OMEGA 3 X 35 X 30 X 250 X 30 X 35 X 8 DIAM 12";="PC";"1,0000";"0,00";"87169010";"0,00";"0";"0,00"
"3";="I1034320";"PP";="PERFIL OMEGA 3 X 35 X 30 X 250 X 30 X 35 X 8 DIAM 12";="PC";="G2005882";"MP";="CHAPA ACO A36 3,00MM";="KG";"2,8700";"3,25";"72085300";"0,00";"0";"0,00"
"2";="I2011419";"PP";="CONJ BOMBA TANQUE DE OLEO 02";="CJ";="I1034333";"PP";="TUBO 33 40 X 3 38 X 130 00 2 REC";="PC";"1,0000";"0,00";"87169010";"0,00";"0";"0,00"
"3";="I1034333";"PP";="TUBO 33 40 X 3 38 X 130 00 2 REC";="PC";="G2005798";"MP";="TUBO REDONDO NBR 5590 ANSI B 36.10 SCH40 SEM COSTURA 33,40 X 26,64 X 3,38MM";="KG";"0,3100";"0,00";"73063000";"0,00";"0";"0,00"
"2";="I2011419";"PP";="CONJ BOMBA TANQUE DE OLEO 02";="CJ";="I1034334";"PP";="TUBO 33 40 X 3 38 X 100 00 2 REC ROSCA 1 BSP";="PC";"1,0000";"0,00";"87169010";"0,00";"0";"0,00"
"3";="I1034334";"PP";="TUBO 33 40 X 3 38 X 100 00 2 REC ROSCA 1 BSP";="PC";="G2005798";"MP";="TUBO REDONDO NBR 5590 ANSI B 36.10 SCH40 SEM COSTURA 33,40 X 26,64 X 3,38MM";="KG";"0,2300";"0,00";"73063000";"0,00";"0";"0,00"
"2";="I2011419";"PP";="CONJ BOMBA TANQUE DE OLEO 02";="CJ";="I1034339";"PP";="TUBO 33 40 X 3 38 X 300 00 1 REC ROSCA 1 BSP";="PC";"1,0000";"0,00";"87169010";"0,00";"0";"0,00"
"3";="I1034339";"PP";="TUBO 33 40 X 3 38 X 300 00 1 REC ROSCA 1 BSP";="PC";="G2005798";"MP";="TUBO REDONDO NBR 5590 ANSI B 36.10 SCH40 SEM COSTURA 33,40 X 26,64 X 3,38MM";="KG";"0,7400";"0,00";"73063000";"0,00";"0";"0,00"
"2";="I2011419";"PP";="CONJ BOMBA TANQUE DE OLEO 02";="CJ";="I2014538";"PP";="CONJ FIX PARAF FL M10 X 35 01ARRUELA E PORCA AUTO TRAVANTE";="CJ";"4,0000";"0,00";"87169010";"0,00";"0";"0,00"
"3";="I2014538";"PP";="CONJ FIX PARAF FL M10 X 35 01ARRUELA E PORCA AUTO TRAVANTE";="CJ";="G3000951";"MP";="ARRUELA LISA M10 DIN125";="PC";"4,0000";"3,25";"73182100";"0,00";"0";"0,00"
"3";="I2014538";"PP";="CONJ FIX PARAF FL M10 X 35 01ARRUELA E PORCA AUTO TRAVANTE";="CJ";="G3001067";"MP";="PO SX M10 X 1,50 CL8 INS NY AUTO TRAV DIN985 ZF";="PC";"4,0000";"3,25";"73181600";"0,00";"0";"0,00"
"3";="I2014538";"PP";="CONJ FIX PARAF FL M10 X 35 01ARRUELA E PORCA AUTO TRAVANTE";="CJ";="G3007840";"MP";="PF SX FL M10 X 1,50 X 35 CL 8.8 DIN 6921";="PC";"4,0000";"6,50";"73181500";"0,00";"0";"0,00"
"1";="I3001192";"PA";="COMBOIO 10.000L 6 4 1 AGUA 3 RESERV ALTA VAZAO VM 290 6X4R EE 4800 MAN . 2026";="CJ";="I2011431";"PP";="CONJ BOMBA DE ABASTECIMENTO MOTOR DE ALUMINIO";="CJ";"1,0000";"0,00";"87169010";"0,00";"0";"0,00"
"2";="I2011431";"PP";="CONJ BOMBA DE ABASTECIMENTO MOTOR DE ALUMINIO";="CJ";="G1005488";"MP";="MOTOR HID ALUMINIO 14 CC FL SAE A DIAM PIL 82,55 EIXO CILIND CHAV CONEXAO 3/4"" NPT 14 FIOS";="PC";"1,0000";"0,00";"84136011";"0,00";"0";"0,00"
"2";="I2011431";"PP";="CONJ BOMBA DE ABASTECIMENTO MOTOR DE ALUMINIO";="CJ";="G1006570";"MC";="ABRACADEIRA TIPO TUCHO 68-73";="PC";"1,0000";"3,25";"73269090";"0,00";"2";"0,00"
"2";="I2011431";"PP";="CONJ BOMBA DE ABASTECIMENTO MOTOR DE ALUMINIO";="CJ";="G1007398";"MP";="ADAPTADOR RETO P SOLDA X MACHO 1 1/16 JIC 37";="PC";"1,0000";"0,00";"73079200";"0,00";"0";"0,00"
"2";="I2011431";"PP";="CONJ BOMBA DE ABASTECIMENTO MOTOR DE ALUMINIO";="CJ";="G1007415";"MP";="ADAP RETO ACO NBR 7007 M 3/4"" NPT X M 1.1/16"" JIC";="PC";"2,0000";"0,00";"73079900";"0,00";"2";"0,00"
"2";="I2011431";"PP";="CONJ BOMBA DE ABASTECIMENTO MOTOR DE ALUMINIO";="CJ";="G1019910";"MP";="BOMBA 1,5 X 1 1C C/ MANCAL ROTOR 159MM SCHNEIDER BC 92S 1C 3CV MANCAL RT 159MM";="PC";"1,0000";"0,00";"84122900";"0,00";"0";"0,00"
"2";="I2011431";"PP";="CONJ BOMBA DE ABASTECIMENTO MOTOR DE ALUMINIO";="CJ";="G3000312";"MP";="PO SX M14X2,00 CL8 DIN934 ZF";="PC";"4,0000";"3,25";"73181600";"0,00";"8";"0,00"
"2";="I2011431";"PP";="CONJ BOMBA DE ABASTECIMENTO MOTOR DE ALUMINIO";="CJ";="G3004555";"MP";="PF SX M14 X 2,00 X 40 CL8.8 DIN933 RI ZB";="PC";"4,0000";"3,25";"73181500";"0,00";"0";"0,00"
"2";="I2011431";"PP";="CONJ BOMBA DE ABASTECIMENTO MOTOR DE ALUMINIO";="CJ";="I1007764";"PP";="NIPLE SIMPLES 1.1/2""";="PC";"1,0000";"0,00";"87169010";"0,00";"0";"0,00"
"3";="I1007764";"PP";="NIPLE SIMPLES 1.1/2""";="PC";="G2005868";"MP";="TUBO DIN 2440 NBR5580 48,30 X 41,60 X 3,35MM";="KG";"0,2500";"3,25";"73063000";"0,00";"0";"0,00"
"2";="I2011431";"PP";="CONJ BOMBA DE ABASTECIMENTO MOTOR DE ALUMINIO";="CJ";="I1017531";"PP";="FLANGE 8 X 140 X 62 4 FUROS 12";="PC";"1,0000";"0,00";"87169010";"0,00";"0";"0,00"
"3";="I1017531";"PP";="FLANGE 8 X 140 X 62 4 FUROS 12";="PC";="G2005883";"MP";="CHAPA ACO A36 7,94MM";="KG";"0,7500";"0,00";"72085200";"0,00";"0";"0,00"
"2";="I2011431";"PP";="CONJ BOMBA DE ABASTECIMENTO MOTOR DE ALUMINIO";="CJ";="I1025370";"PP";="FLANGE 8 X 140 X 49 4 FUROS 12";="PC";"1,0000";"0,00";"87169010";"0,00";"0";"0,00"
"3";="I1025370";"PP";="FLANGE 8 X 140 X 49 4 FUROS 12";="PC";="G2005883";"MP";="CHAPA ACO A36 7,94MM";="KG";"0,8200";"0,00";"72085200";"0,00";"0";"0,00"
"2";="I2011431";"PP";="CONJ BOMBA DE ABASTECIMENTO MOTOR DE ALUMINIO";="CJ";="I1031672";"PP";="ESPIGAO 2"" X 50";="PC";"1,0000";"0,00";"87169010";"0,00";"0";"0,00"
"3";="I1031672";"PP";="ESPIGAO 2"" X 50";="PC";="G2007032";"MP";="TUBO DIN 2440 NBR5580 60,30 X 54,30 X 3,00MM";="KG";"0,1900";"0,00";"73063000";"0,00";"0";"0,00"
"2";="I2011431";"PP";="CONJ BOMBA DE ABASTECIMENTO MOTOR DE ALUMINIO";="CJ";="I1033329";"PP";="CURVA 90 COM FURACAO ADAPTADOR 1,1 16 "" JIC 37";="PC";"1,0000";"0,00";"87169010";"0,00";"0";"0,00"
"3";="I1033329";"PP";="CURVA 90 COM FURACAO ADAPTADOR 1,1 16 "" JIC 37";="PC";="G1009208";"MP";="CURVA ACO SCH40 RL PS 2POL X 90 GRAUS";="PC";"1,0000";"3,25";"72111400";"0,00";"0";"0,00"
"2";="I2011431";"PP";="CONJ BOMBA DE ABASTECIMENTO MOTOR DE ALUMINIO";="CJ";="I1034222";"PP";="PERFIL U THICKNESS@I1034222 SLDPRT X 150 00 X 80 00 X 1 DIAM 83 50";="PC";"1,0000";"0,00";"87169010";"0,00";"0";"0,00"
"3";="I1034222";"PP";="PERFIL U THICKNESS@I1034222 SLDPRT X 150 00 X 80 00 X 1 DIAM 83 50";="PC";="G2005931";"MP";="CHAPA ACO A36 4,75MM";="KG";"0,9600";"0,00";"72085200";"0,00";"0";"0,00"
"2";="I2011431";"PP";="CONJ BOMBA DE ABASTECIMENTO MOTOR DE ALUMINIO";="CJ";="I1034225";"PP";="PERFIL U 6,35 X 46 X 223 X 600 4DIAM12";="PC";"1,0000";"0,00";"87169010";"0,00";"0";"0,00"
"3";="I1034225";"PP";="PERFIL U 6,35 X 46 X 223 X 600 4DIAM12";="PC";="G2005887";"MP";="CHAPA ACO A36 6,35MM";="KG";"8,8000";"3,25";"72085200";"0,00";"5";"0,00"
"2";="I2011431";"PP";="CONJ BOMBA DE ABASTECIMENTO MOTOR DE ALUMINIO";="CJ";="I1034291";"PP";="ACOPLAMENTO BOMBA LAVAGEM 03";="PC";"1,0000";"0,00";"87169010";"0,00";"0";"0,00"
"3";="I1034291";"PP";="ACOPLAMENTO BOMBA LAVAGEM 03";="PC";="G1017788";"MP";="ACOPLAMENTO FLEXIVEL AC 28";="PC";"1,0000";"0,00";"84836090";"0,00";"0";"0,00"
"2";="I2011431";"PP";="CONJ BOMBA DE ABASTECIMENTO MOTOR DE ALUMINIO";="CJ";="I1044934";"PP";="PERFIL FRONT 12,7 X 312 X 532 X 772 E";="PC";"1,0000";"0,00";"87169010";"0,00";"0";"0,00"
"3";="I1044934";"PP";="PERFIL FRONT 12,7 X 312 X 532 X 772 E";="PC";="G2005932";"MP";="CHAPA ACO A36 2,00MM";="KG";"0,7400";"3,25";"72085400";"0,00";"5";"0,00"
"2";="I2011431";"PP";="CONJ BOMBA DE ABASTECIMENTO MOTOR DE ALUMINIO";="CJ";="I2011115";"PP";="CONJ MONTAGEM VALVULA DE ALIVIO";="CJ";"1,0000";"0,00";"87169010";"0,00";"0";"0,00"
"3";="I2011115";"PP";="CONJ MONTAGEM VALVULA DE ALIVIO";="CJ";="G1009849";"MP";="NIPLE DUPLO FG NBR 6590 1'' BSP NBR 6943 150LBS";="PC";"2,0000";"0,00";"74122000";"0,00";"0";"0,00"
"3";="I2011115";"PP";="CONJ MONTAGEM VALVULA DE ALIVIO";="CJ";="G1009865";"MP";="ADAP TEE 90 FG NBR 6590 1'' BSP NBR 6943 150LBS";="PC";"1,0000";"6,50";"73071990";"0,00";"0";"0,00"
"3";="I2011115";"PP";="CONJ MONTAGEM VALVULA DE ALIVIO";="CJ";="G1021152";"MP";="VALVULA DE ALIVIO DISCO METALICO 1"" BSP 3,5 BAR";="PC";"1,0000";"0,00";"84812090";"0,00";"0";"0,00"
"3";="I2011115";"PP";="CONJ MONTAGEM VALVULA DE ALIVIO";="CJ";="I1008712";"PP";="NIPEL 1"" X ESPIGAO 1.1/4""";="PC";"1,0000";"9,75";"87169010";"0,00";"0";"0,00"
"4";="I1008712";"PP";="NIPEL 1"" X ESPIGAO 1.1/4""";="PC";="G2005798";"MP";="TUBO REDONDO NBR 5590 ANSI B 36.10 SCH40 SEM COSTURA 33,40 X 26,64 X 3,38MM";="KG";"0,1800";"0,00";"73063000";"0,00";"0";"0,00"
"2";="I2011431";"PP";="CONJ BOMBA DE ABASTECIMENTO MOTOR DE ALUMINIO";="CJ";="I2013558";"PP";="CONJ FIX PARAF FL M8 X 25  E PORCA FL M8";="CJ";"4,0000";"0,00";"87169090";"0,00";"0";"0,00"
"3";="I2013558";"PP";="CONJ FIX PARAF FL M8 X 25  E PORCA FL M8";="CJ";="G3002236";"MP";="PF SX FL SERRILHADO M8 X 1,25 X 25 CL8.8 DIN6921 ZF";="PC";"4,0000";"3,25";"73181500";"0,00";"0";"0,00"
"3";="I2013558";"PP";="CONJ FIX PARAF FL M8 X 25  E PORCA FL M8";="CJ";="G3007835";"MP";="PO SX FL SERRILHADO M8 X 1,25 CL8 DIN6923 MACROCOLT";="PC";"4,0000";"6,50";"73181600";"0,00";"0";"0,00"
"2";="I2011431";"PP";="CONJ BOMBA DE ABASTECIMENTO MOTOR DE ALUMINIO";="CJ";="I2013694";"PP";="CONJ FIX PARAF FL M8 X 35 E PORCA FL M8";="CJ";"6,0000";"0,00";"87169090";"0,00";"0";"0,00"
"3";="I2013694";"PP";="CONJ FIX PARAF FL M8 X 35 E PORCA FL M8";="CJ";="G3004344";"MP";="PF SX FL M8 X 1,25 X 35 CL8.8 DIN6921 ZF";="PC";"6,0000";"6,50";"73181500";"0,00";"0";"0,00"
"3";="I2013694";"PP";="CONJ FIX PARAF FL M8 X 35 E PORCA FL M8";="CJ";="G3007835";"MP";="PO SX FL SERRILHADO M8 X 1,25 CL8 DIN6923 MACROCOLT";="PC";"6,0000";"6,50";"73181600";"0,00";"0";"0,00"
"2";="I2011431";"PP";="CONJ BOMBA DE ABASTECIMENTO MOTOR DE ALUMINIO";="CJ";="I2014538";"PP";="CONJ FIX PARAF FL M10 X 35 01ARRUELA E PORCA AUTO TRAVANTE";="CJ";"2,0000";"0,00";"87169010";"0,00";"0";"0,00"
"3";="I2014538";"PP";="CONJ FIX PARAF FL M10 X 35 01ARRUELA E PORCA AUTO TRAVANTE";="CJ";="G3000951";"MP";="ARRUELA LISA M10 DIN125";="PC";"2,0000";"3,25";"73182100";"0,00";"0";"0,00"
"3";="I2014538";"PP";="CONJ FIX PARAF FL M10 X 35 01ARRUELA E PORCA AUTO TRAVANTE";="CJ";="G3001067";"MP";="PO SX M10 X 1,50 CL8 INS NY AUTO TRAV DIN985 ZF";="PC";"2,0000";"3,25";"73181600";"0,00";"0";"0,00"
"3";="I2014538";"PP";="CONJ FIX PARAF FL M10 X 35 01ARRUELA E PORCA AUTO TRAVANTE";="CJ";="G3007840";"MP";="PF SX FL M10 X 1,50 X 35 CL 8.8 DIN 6921";="PC";"2,0000";"6,50";"73181500";"0,00";"0";"0,00"
"1";="I3001192";"PA";="COMBOIO 10.000L 6 4 1 AGUA 3 RESERV ALTA VAZAO VM 290 6X4R EE 4800 MAN . 2026";="CJ";="I2011447";"PP";="CONJ SISTEMA DE DESCARGA DA PORTINHOLA COM REDUCAO DE 2 SAIDA PARA 1 SAIDA";="CJ";"1,0000";"0,00";"87169010";"0,00";"0";"0,00"
"2";="I2011447";"PP";="CONJ SISTEMA DE DESCARGA DA PORTINHOLA COM REDUCAO DE 2 SAIDA PARA 1 SAIDA";="CJ";="G1005312";"MP";="FILTRO DE REDE Y LATAO 2"" BSP";="PC";"1,0000";"0,00";"84671900";"0,00";"0";"0,00"
"2";="I2011447";"PP";="CONJ SISTEMA DE DESCARGA DA PORTINHOLA COM REDUCAO DE 2 SAIDA PARA 1 SAIDA";="CJ";="G1006570";"MC";="ABRACADEIRA TIPO TUCHO 68-73";="PC";"3,0000";"3,25";"73269090";"0,00";"2";"0,00"
"2";="I2011447";"PP";="CONJ SISTEMA DE DESCARGA DA PORTINHOLA COM REDUCAO DE 2 SAIDA PARA 1 SAIDA";="CJ";="G1009085";"MP";="VALVULA DE PORTINHOLA PASSAGEM PLENA VED NITRILICA MGN 101166 CONF DES";="PC";"2,0000";"0,00";"84818094";"0,00";"0";"0,00"
"2";="I2011447";"PP";="CONJ SISTEMA DE DESCARGA DA PORTINHOLA COM REDUCAO DE 2 SAIDA PARA 1 SAIDA";="CJ";="G1009086";"MP";="JUNTA VALV PORTINHOLA-NITRILICA MGN 100962";="PC";"2,0000";"0,00";"40169300";"0,00";"0";"0,00"
"2";="I2011447";"PP";="CONJ SISTEMA DE DESCARGA DA PORTINHOLA COM REDUCAO DE 2 SAIDA PARA 1 SAIDA";="CJ";="G1009208";"MP";="CURVA ACO SCH40 RL PS 2POL X 90 GRAUS";="PC";"2,0000";"3,25";"72111400";"0,00";"0";"0,00"
"2";="I2011447";"PP";="CONJ SISTEMA DE DESCARGA DA PORTINHOLA COM REDUCAO DE 2 SAIDA PARA 1 SAIDA";="CJ";="I1031664";"PP";="FLANG PORTINHOLA 19 X 119,30 X 62";="PC";"2,0000";"0,00";"87169010";"0,00";"0";"0,00"
"3";="I1031664";"PP";="FLANG PORTINHOLA 19 X 119,30 X 62";="PC";="G2005934";"MP";="CHAPA ACO A36 19,05MM";="KG";"2,3800";"3,25";"72085200";"0,00";"5";"0,00"
"2";="I2011447";"PP";="CONJ SISTEMA DE DESCARGA DA PORTINHOLA COM REDUCAO DE 2 SAIDA PARA 1 SAIDA";="CJ";="I1031672";"PP";="ESPIGAO 2"" X 50";="PC";"2,0000";"0,00";"87169010";"0,00";"0";"0,00"
"3";="I1031672";"PP";="ESPIGAO 2"" X 50";="PC";="G2007032";"MP";="TUBO DIN 2440 NBR5580 60,30 X 54,30 X 3,00MM";="KG";"0,3800";"0,00";"73063000";"0,00";"0";"0,00"
"2";="I2011447";"PP";="CONJ SISTEMA DE DESCARGA DA PORTINHOLA COM REDUCAO DE 2 SAIDA PARA 1 SAIDA";="CJ";="I1033644";"PP";="NIPLE SIMPLES 2"" DIAM60,30 X 100,00";="PC";"2,0000";"0,00";"87169010";"0,00";"0";"0,00"
"3";="I1033644";"PP";="NIPLE SIMPLES 2"" DIAM60,30 X 100,00";="PC";="G2005707";"MP";="TUBO DIN 2440 NBR5580 60,30 X 52,80 X 3,75MM";="KG";"0,6200";"0,00";"73063000";"0,00";"0";"0,00"
"2";="I2011447";"PP";="CONJ SISTEMA DE DESCARGA DA PORTINHOLA COM REDUCAO DE 2 SAIDA PARA 1 SAIDA";="CJ";="I1034280";"PP";="TUBO DIAM 60 33 X 3 00 X 180 00 COM ESPIGAO 2 1 REC";="PC";"1,0000";"0,00";"87169010";"0,00";"0";"0,00"
"3";="I1034280";"PP";="TUBO DIAM 60 33 X 3 00 X 180 00 COM ESPIGAO 2 1 REC";="PC";="G2007032";"MP";="TUBO DIN 2440 NBR5580 60,30 X 54,30 X 3,00MM";="KG";"0,7500";"0,00";"73063000";"0,00";"0";"0,00"
"2";="I2011447";"PP";="CONJ SISTEMA DE DESCARGA DA PORTINHOLA COM REDUCAO DE 2 SAIDA PARA 1 SAIDA";="CJ";="I1034281";"PP";="TUBO DIAM60 33 X 3 00 X 63 00 X 1 REC 60 33";="PC";"1,0000";"0,00";"87169010";"0,00";"0";"0,00"
"3";="I1034281";"PP";="TUBO DIAM60 33 X 3 00 X 63 00 X 1 REC 60 33";="PC";="G2007032";"MP";="TUBO DIN 2440 NBR5580 60,30 X 54,30 X 3,00MM";="KG";"0,2310";"0,00";"73063000";"0,00";"0";"0,00"
"2";="I2011447";"PP";="CONJ SISTEMA DE DESCARGA DA PORTINHOLA COM REDUCAO DE 2 SAIDA PARA 1 SAIDA";="CJ";="I1034445";"PP";="MANG COM ALMA DE ACO DN60 X 150MM";="PC";"1,0000";"0,00";"87169010";"0,00";"0";"0,00"
"3";="I1034445";"PP";="MANG COM ALMA DE ACO DN60 X 150MM";="PC";="G1014966";"MP";="MANGUEIRA SUCCAO C/ ALMA DE ACO DN60 - SGB160";="MT";"0,1500";"0,00";"40092190";"0,00";"0";"0,00"
"2";="I2011447";"PP";="CONJ SISTEMA DE DESCARGA DA PORTINHOLA COM REDUCAO DE 2 SAIDA PARA 1 SAIDA";="CJ";="I1034446";"PP";="MANG COM ALMA DE ACO DN60 X 200MM";="PC";"1,0000";"0,00";"87169010";"0,00";"0";"0,00"
"3";="I1034446";"PP";="MANG COM ALMA DE ACO DN60 X 200MM";="PC";="G1014966";"MP";="MANGUEIRA SUCCAO C/ ALMA DE ACO DN60 - SGB160";="MT";"0,2000";"0,00";"40092190";"0,00";"0";"0,00"
"2";="I2011447";"PP";="CONJ SISTEMA DE DESCARGA DA PORTINHOLA COM REDUCAO DE 2 SAIDA PARA 1 SAIDA";="CJ";="I2013694";"PP";="CONJ FIX PARAF FL M8 X 35 E PORCA FL M8";="CJ";"8,0000";"0,00";"87169090";"0,00";"0";"0,00"
"3";="I2013694";"PP";="CONJ FIX PARAF FL M8 X 35 E PORCA FL M8";="CJ";="G3004344";"MP";="PF SX FL M8 X 1,25 X 35 CL8.8 DIN6921 ZF";="PC";"8,0000";"6,50";"73181500";"0,00";"0";"0,00"
"3";="I2013694";"PP";="CONJ FIX PARAF FL M8 X 35 E PORCA FL M8";="CJ";="G3007835";"MP";="PO SX FL SERRILHADO M8 X 1,25 CL8 DIN6923 MACROCOLT";="PC";"8,0000";"6,50";"73181600";"0,00";"0";"0,00"
"1";="I3001192";"PA";="COMBOIO 10.000L 6 4 1 AGUA 3 RESERV ALTA VAZAO VM 290 6X4R EE 4800 MAN . 2026";="CJ";="I2011454";"PP";="CONJ TANQUE DE OLEO 300L";="CJ";"1,0000";"0,00";"87169010";"0,00";"0";"0,00"
"2";="I2011454";"PP";="CONJ TANQUE DE OLEO 300L";="CJ";="I1034302";"PP";="PERFIL CARTOLA 6 35 30 X 40 X 100 X 40 X 30 X 1600 X 4 OBLG";="PC";"2,0000";"0,00";"87169010";"0,00";"0";"0,00"
"3";="I1034302";"PP";="PERFIL CARTOLA 6 35 30 X 40 X 100 X 40 X 30 X 1600 X 4 OBLG";="PC";="G2005887";"MP";="CHAPA ACO A36 6,35MM";="KG";"42,0800";"3,25";"72085200";"0,00";"5";"0,00"
"2";="I2011454";"PP";="CONJ TANQUE DE OLEO 300L";="CJ";="I2011418";"PP";="CONJ TANQUE RESERVATORIO 300L OLEO";="CJ";"2,0000";"0,00";"87169010";"0,00";"0";"0,00"
"3";="I2011418";"PP";="CONJ TANQUE RESERVATORIO 300L OLEO";="CJ";="G1001230";"MP";="RESPIRO C/ FILTRO DE SILICA GEL 270ML 1"" - WATCHDOG";="PC";"2,0000";"0,00";"84213990";"0,00";"0";"0,00"
"3";="I2011418";"PP";="CONJ TANQUE RESERVATORIO 300L OLEO";="CJ";="G1001640";"MP";="ADAP RETO ACO NBR 7007 M FIXO 1.1/16"" JIC 37 UNS X M FIXO 1"" BSP";="PC";"2,0000";"3,25";"73079900";"0,00";"0";"0,00"
"3";="I2011418";"PP";="CONJ TANQUE RESERVATORIO 300L OLEO";="CJ";="G1007287";"MP";="REGISTRO ESFERA 1POL";="PC";"2,0000";"3,25";"84818093";"0,00";"0";"0,00"
"3";="I2011418";"PP";="CONJ TANQUE RESERVATORIO 300L OLEO";="CJ";="G1009172";"MP";="BUCHA APOIO TANQUE DIAM EXT 70 X ALTURA 70 X DIAM INT 20 MM CONF DESENHO";="PC";"8,0000";"3,25";"40012200";"0,00";"0";"0,00"
"3";="I2011418";"PP";="CONJ TANQUE RESERVATORIO 300L OLEO";="CJ";="G1009267";"MP";="BOCAL DE ABASTECIMENTO DE OLEO DIAM83";="PC";"2,0000";"3,25";"84213990";"0,00";"0";"0,00"
"3";="I2011418";"PP";="CONJ TANQUE RESERVATORIO 300L OLEO";="CJ";="G1009849";"MP";="NIPLE DUPLO FG NBR 6590 1'' BSP NBR 6943 150LBS";="PC";"2,0000";"0,00";"74122000";"0,00";"0";"0,00"
"3";="I2011418";"PP";="CONJ TANQUE RESERVATORIO 300L OLEO";="CJ";="G1022588";"MP";="NIPLE DUPLO FG NBR 6590 1'' NPT NBR 6925 300LBS";="PC";"2,0000";"0,00";"74122000";"0,00";"0";"0,00"
"3";="I2011418";"PP";="CONJ TANQUE RESERVATORIO 300L OLEO";="CJ";="G3003418";"MP";="PF SX M20 X 2,50 X 140 RI CL 8.8 ZF";="PC";"8,0000";"3,25";"73181500";"0,00";"0";"0,00"
"3";="I2011418";"PP";="CONJ TANQUE RESERVATORIO 300L OLEO";="CJ";="G3010420";"MP";="PO SX AUT TRAV M20 X 2,50 CL8 DIN985 ZF";="PC";"8,0000";"0,00";"73181600";"0,00";"0";"0,00"
"3";="I2011418";"PP";="CONJ TANQUE RESERVATORIO 300L OLEO";="CJ";="I1007325";"PP";="LUVA COM ROSCA 1/4""";="PC";"4,0000";"3,25";"87169010";"0,00";"0";"0,00"
"4";="I1007325";"PP";="LUVA COM ROSCA 1/4""";="PC";="G2000069";"MP";="BARRA REDONDA SAE1020 22,22MM LAMINADA";="KG";"0,1600";"9,75";"72283000";"0,00";"0";"0,00"
"3";="I2011418";"PP";="CONJ TANQUE RESERVATORIO 300L OLEO";="CJ";="I1007328";"PP";="LUVA COM ROSCA 3/4""";="PC";"2,0000";"3,25";"87169010";"0,00";"0";"0,00"
"4";="I1007328";"PP";="LUVA COM ROSCA 3/4""";="PC";="G2000073";"MP";="BARRA REDONDA SAE1020 41,27MM LAMINADA";="KG";"0,3200";"3,25";"72283000";"0,00";"0";"0,00"
"3";="I2011418";"PP";="CONJ TANQUE RESERVATORIO 300L OLEO";="CJ";="I1007333";"PP";="ARRUELA 72 X 24 X 6,35";="PC";"8,0000";"3,25";"87169010";"0,00";"0";"0,00"
"4";="I1007333";"PP";="ARRUELA 72 X 24 X 6,35";="PC";="G2005887";"MP";="CHAPA ACO A36 6,35MM";="KG";"1,4400";"3,25";"72085200";"0,00";"5";"0,00"
"3";="I2011418";"PP";="CONJ TANQUE RESERVATORIO 300L OLEO";="CJ";="I1007691";"PP";="TUBO FIXACAO FLANGE 60,30 X 3,65 X 30";="PC";"2,0000";"5,20";"87169010";"0,00";"0";"0,00"
"4";="I1007691";"PP";="TUBO FIXACAO FLANGE 60,30 X 3,65 X 30";="PC";="G2005707";"MP";="TUBO DIN 2440 NBR5580 60,30 X 52,80 X 3,75MM";="KG";"0,3000";"0,00";"73063000";"0,00";"0";"0,00"
"3";="I2011418";"PP";="CONJ TANQUE RESERVATORIO 300L OLEO";="CJ";="I1007692";"PP";="FLANGE FIXACAO BOCAL 6,35 X 84 X 53 6 DIAM 7";="PC";"2,0000";"5,20";"87169010";"0,00";"0";"0,00"
"4";="I1007692";"PP";="FLANGE FIXACAO BOCAL 6,35 X 84 X 53 6 DIAM 7";="PC";="G2005887";"MP";="CHAPA ACO A36 6,35MM";="KG";"0,3000";"3,25";"72085200";"0,00";"5";"0,00"
"3";="I2011418";"PP";="CONJ TANQUE RESERVATORIO 300L OLEO";="CJ";="I1031632";"PP";="LUVA SOLDADA 1 BSP FEMEA";="PC";"2,0000";"0,00";"87169010";"0,00";"0";"0,00"
"4";="I1031632";"PP";="LUVA SOLDADA 1 BSP FEMEA";="PC";="G2000076";"MP";="BARRA REDONDA SAE1020 50,80MM LAMINADA";="KG";"0,6400";"3,25";"72283000";"0,00";"0";"0,00"
"3";="I2011418";"PP";="CONJ TANQUE RESERVATORIO 300L OLEO";="CJ";="I1032312";"PP";="AMORTECEDOR 130 X 100";="PC";"8,0000";"0,00";"87169010";"0,00";"0";"0,00"
"4";="I1032312";"PP";="AMORTECEDOR 130 X 100";="PC";="G1015402";"MP";="LENCOL DE BORRACHA 9,5 X 1000 X 1000MM 1 LONA 70 SHORE NR1087";="M";"0,0448";"0,00";"73063000";"0,00";"0";"0,00"
"3";="I2011418";"PP";="CONJ TANQUE RESERVATORIO 300L OLEO";="CJ";="I1034196";"PP";="CHAPA DOBRADA 4,75 X 600 X 1040";="PC";"2,0000";"0,00";"87169010";"0,00";"0";"0,00"
"4";="I1034196";"PP";="CHAPA DOBRADA 4,75 X 600 X 1040";="PC";="G2005931";"MP";="CHAPA ACO A36 4,75MM";="KG";"51,3800";"0,00";"72085200";"0,00";"0";"0,00"
"3";="I2011418";"PP";="CONJ TANQUE RESERVATORIO 300L OLEO";="CJ";="I1034197";"PP";="CHAPA DOBRADA 4 75 X 47 X 996 X 150 X 20 X 600";="PC";"2,0000";"0,00";"87169010";"0,00";"0";"0,00"
"4";="I1034197";"PP";="CHAPA DOBRADA 4 75 X 47 X 996 X 150 X 20 X 600";="PC";="G2005931";"MP";="CHAPA ACO A36 4,75MM";="KG";"46,9000";"0,00";"72085200";"0,00";"0";"0,00"
"3";="I2011418";"PP";="CONJ TANQUE RESERVATORIO 300L OLEO";="CJ";="I1034300";"PP";="CHAPA DOBRADA 6 35 X 590 X 20 X 150 X 570 X ANG 30 1 REC";="PC";"2,0000";"0,00";"87169010";"0,00";"0";"0,00"
"4";="I1034300";"PP";="CHAPA DOBRADA 6 35 X 590 X 20 X 150 X 570 X ANG 30 1 REC";="PC";="G2005887";"MP";="CHAPA ACO A36 6,35MM";="KG";"33,9800";"3,25";"72085200";"0,00";"5";"0,00"
"3";="I2011418";"PP";="CONJ TANQUE RESERVATORIO 300L OLEO";="CJ";="I1034301";"PP";="CHAPA DOBRADA 4 75 X 505 X 564 X 150 X 20 ANG 30";="PC";"2,0000";"0,00";"87169010";"0,00";"0";"0,00"
"4";="I1034301";"PP";="CHAPA DOBRADA 4 75 X 505 X 564 X 150 X 20 ANG 30";="PC";="G2005931";"MP";="CHAPA ACO A36 4,75MM";="KG";"21,3800";"0,00";"72085200";"0,00";"0";"0,00"
"3";="I2011418";"PP";="CONJ TANQUE RESERVATORIO 300L OLEO";="CJ";="I1034310";"PP";="CHAPA DOBRADA 4,75 X 40 X 600 X 1040 X 40 1 DIAM 35";="PC";"2,0000";"0,00";"87169010";"0,00";"0";"0,00"
"4";="I1034310";"PP";="CHAPA DOBRADA 4,75 X 40 X 600 X 1040 X 40 1 DIAM 35";="PC";="G2005931";"MP";="CHAPA ACO A36 4,75MM";="KG";"51,3000";"0,00";"72085200";"0,00";"0";"0,00"
"3";="I2011418";"PP";="CONJ TANQUE RESERVATORIO 300L OLEO";="CJ";="I1034328";"PP";="CHAPA DOBRADA 4 75 X 996 X 600 2 DIAM 10";="PC";"2,0000";"0,00";"87169010";"0,00";"0";"0,00"
"4";="I1034328";"PP";="CHAPA DOBRADA 4 75 X 996 X 600 2 DIAM 10";="PC";="G2005931";"MP";="CHAPA ACO A36 4,75MM";="KG";"46,9000";"0,00";"72085200";"0,00";"0";"0,00"
"3";="I2011418";"PP";="CONJ TANQUE RESERVATORIO 300L OLEO";="CJ";="I2010748";"PP";="CONJ SUP FIXACAO TANQUE";="CJ";"8,0000";"0,00";"87169010";"0,00";"0";"0,00"
"4";="I2010748";"PP";="CONJ SUP FIXACAO TANQUE";="CJ";="I1032321";"PP";="CHAPA RETANG 4,75 X 120 X 125 OBL 30 X 30";="PC";"8,0000";"0,00";"87169010";"0,00";"0";"0,00"
"5";="I1032321";"PP";="CHAPA RETANG 4,75 X 120 X 125 OBL 30 X 30";="PC";="G2005931";"MP";="CHAPA ACO A36 4,75MM";="KG";"3,9200";"0,00";"72085200";"0,00";"0";"0,00"
"4";="I2010748";"PP";="CONJ SUP FIXACAO TANQUE";="CJ";="I1032322";"PP";="PERFIL U 6.35 X 80 X 95 X 80 X 80 1DIAM18";="PC";"8,0000";"0,00";"87169010";"0,00";"0";"0,00"
"5";="I1032322";"PP";="PERFIL U 6.35 X 80 X 95 X 80 X 80 1DIAM18";="PC";="G2005887";"MP";="CHAPA ACO A36 6,35MM";="KG";"5,8400";"3,25";"72085200";"0,00";"5";"0,00"
"3";="I2011418";"PP";="CONJ TANQUE RESERVATORIO 300L OLEO";="CJ";="I2011459";"PP";="CONJ MANGUEIRA NIVEL RESERVATORIO 300L";="CJ";"2,0000";"0,00";"87169010";"0,00";"0";"0,00"
"4";="I2011459";"PP";="CONJ MANGUEIRA NIVEL RESERVATORIO 300L";="CJ";="G1006118";"MP";="CONEXAO COTOVELO MACHO C/ PO E ANILHA 10MM X 1/4"" NPT LATAO";="PC";"4,0000";"0,00";"39174090";"0,00";"1";"0,00"
"4";="I2011459";"PP";="CONJ MANGUEIRA NIVEL RESERVATORIO 300L";="CJ";="I1008838";"PP";="VISOR DE NIVEL RESERVATORIO";="PC";"2,0000";"5,20";"87169010";"0,00";"0";"0,00"
"5";="I1008838";"PP";="VISOR DE NIVEL RESERVATORIO";="PC";="G1012232";"MP";="TUBO NYLON TRANSP. PA 6 - DIAM EXT 10 X DIAM INT 07MM - VISOR NIVEL";="MT";"3,4900";"3,25";"59090000";"0,00";"0";"0,00"
"1";="I3001192";"PA";="COMBOIO 10.000L 6 4 1 AGUA 3 RESERV ALTA VAZAO VM 290 6X4R EE 4800 MAN . 2026";="CJ";="I2011471";"PP";="CONJ BOMBA RESERVATORIO DE ÓLEO 1";="CJ";"1,0000";"0,00";"87169010";"0,00";"0";"0,00"
"2";="I2011471";"PP";="CONJ BOMBA RESERVATORIO DE ÓLEO 1";="CJ";="G1001640";"MP";="ADAP RETO ACO NBR 7007 M FIXO 1.1/16"" JIC 37 UNS X M FIXO 1"" BSP";="PC";"2,0000";"3,25";"73079900";"0,00";"0";"0,00"
"2";="I2011471";"PP";="CONJ BOMBA RESERVATORIO DE ÓLEO 1";="CJ";="G1002333";"MP";="PO SX M12 X 1,75 CL8 DIN934 ZB";="PC";"2,0000";"6,50";"73181600";"0,00";"0";"0,00"
"2";="I2011471";"PP";="CONJ BOMBA RESERVATORIO DE ÓLEO 1";="CJ";="G1002666";"MP";="ADAP RETO ACO NBR 7007 M 1"" NPT X M 1.5/16"" JIC";="PC";"2,0000";"0,00";"73079900";"0,00";"0";"0,00"
"2";="I2011471";"PP";="CONJ BOMBA RESERVATORIO DE ÓLEO 1";="CJ";="G1004651";"MP";="PF SX FL M10 X 1,50 X 30 CL8.8 DIN6921 ZF";="PC";"8,0000";"9,75";"73181500";"0,00";"0";"0,00"
"2";="I2011471";"PP";="CONJ BOMBA RESERVATORIO DE ÓLEO 1";="CJ";="G1007287";"MP";="REGISTRO ESFERA 1POL";="PC";"4,0000";"3,25";"84818093";"0,00";"0";"0,00"
"2";="I2011471";"PP";="CONJ BOMBA RESERVATORIO DE ÓLEO 1";="CJ";="G1007398";"MP";="ADAPTADOR RETO P SOLDA X MACHO 1 1/16 JIC 37";="PC";"1,0000";"0,00";"73079200";"0,00";"0";"0,00"
"2";="I2011471";"PP";="CONJ BOMBA RESERVATORIO DE ÓLEO 1";="CJ";="G1008721";"MP";="ADAP ACO NBR 7007 MACHO PARA TUBO 1.5/16"" 12FPP JIC SOLDAVEL";="PC";"1,0000";"0,00";"73079900";"0,00";"0";"0,00"
"2";="I2011471";"PP";="CONJ BOMBA RESERVATORIO DE ÓLEO 1";="CJ";="G1009097";"MP";="MOTOR HID 24 CC FL SAE B DIAM PIL 101,6 EIXO CILIN CHAV DIAM 25.4 X 50 -1 1/16 UNF-3/4 ODT";="PC";"1,0000";"0,00";"84136011";"0,00";"0";"0,00"
"2";="I2011471";"PP";="CONJ BOMBA RESERVATORIO DE ÓLEO 1";="CJ";="G1009849";"MP";="NIPLE DUPLO FG NBR 6590 1'' BSP NBR 6943 150LBS";="PC";"3,0000";"0,00";"74122000";"0,00";"0";"0,00"
"2";="I2011471";"PP";="CONJ BOMBA RESERVATORIO DE ÓLEO 1";="CJ";="G1009865";"MP";="ADAP TEE 90 FG NBR 6590 1'' BSP NBR 6943 150LBS";="PC";"1,0000";"6,50";"73071990";"0,00";"0";"0,00"
"2";="I2011471";"PP";="CONJ BOMBA RESERVATORIO DE ÓLEO 1";="CJ";="G1017483";"MP";="BOMBA DE ENGRANAGEM 1"" ED 1 X 42 VEDACAO POR GAXETA";="PC";"1,0000";"0,00";"84136011";"0,00";"0";"0,00"
"2";="I2011471";"PP";="CONJ BOMBA RESERVATORIO DE ÓLEO 1";="CJ";="G1018184";"MP";="ACOPLADOR ALUMINIO FEMEA 1"" X ROSCA INT BSP 1"" 11 FIOS";="PC";"1,0000";"0,00";"76090000";"0,00";"0";"0,00"
"2";="I2011471";"PP";="CONJ BOMBA RESERVATORIO DE ÓLEO 1";="CJ";="G1018205";"MP";="ADAPTADOR TAMPAO DE ALUMINIO 1''";="PC";"1,0000";"0,00";"76090000";"0,00";"0";"0,00"
"2";="I2011471";"PP";="CONJ BOMBA RESERVATORIO DE ÓLEO 1";="CJ";="G1021152";"MP";="VALVULA DE ALIVIO DISCO METALICO 1"" BSP 3,5 BAR";="PC";"1,0000";"0,00";"84812090";"0,00";"0";"0,00"
"2";="I2011471";"PP";="CONJ BOMBA RESERVATORIO DE ÓLEO 1";="CJ";="G3000223";"MP";="ARRUELA LISA M8";="UN";"4,0000";"9,75";"73182100";"0,00";"0";"0,00"
"2";="I2011471";"PP";="CONJ BOMBA RESERVATORIO DE ÓLEO 1";="CJ";="G3000303";"MP";="PF SX M8 X 1,25 X 30 CL 5.8 DIN 933 RI ZF";="PC";"8,0000";"3,25";"73181500";"0,00";"8";"0,00"
"2";="I2011471";"PP";="CONJ BOMBA RESERVATORIO DE ÓLEO 1";="CJ";="G3000309";"MP";="PO SX M8 X 1,25 CL 8 DIN 934 ZF";="PC";"8,0000";"3,25";"73181600";"0,00";"0";"0,00"
"2";="I2011471";"PP";="CONJ BOMBA RESERVATORIO DE ÓLEO 1";="CJ";="G3001126";"MP";="ARRUELA LISA M12 ZB";="PC";"2,0000";"3,25";"73182100";"0,00";"0";"0,00"
"2";="I2011471";"PP";="CONJ BOMBA RESERVATORIO DE ÓLEO 1";="CJ";="G3001749";"MP";="PF SX M12 X 1,75 X 50 CL8.8 DIN933 RI ZF";="PC";"2,0000";"3,25";"73181500";"0,00";"0";"0,00"
"2";="I2011471";"PP";="CONJ BOMBA RESERVATORIO DE ÓLEO 1";="CJ";="G3008085";"MP";="PO SX FL M10 X 1,50 CL 8.8 DIN 6923 ZF";="PC";"8,0000";"9,75";"73181600";"0,00";"0";"0,00"
"2";="I2011471";"PP";="CONJ BOMBA RESERVATORIO DE ÓLEO 1";="CJ";="I1008714";"PP";="NIPLE 1""";="PC";"2,0000";"0,00";"87169010";"0,00";"0";"0,00"
"3";="I1008714";"PP";="NIPLE 1""";="PC";="G2000183";"MP";="TUBO REDONDO NBR 5590 ANSI B 36.10 SCH40 COM COSTURA 33,40 X 26,64 X 3,38MM";="KG";"0,2600";"3,25";"73063000";"0,00";"0";"0,00"
"2";="I2011471";"PP";="CONJ BOMBA RESERVATORIO DE ÓLEO 1";="CJ";="I1022639";"PP";="FLANGE 9,52 X 95 X 30 4 FUROS";="PC";"4,0000";"0,00";"87169010";"0,00";"0";"0,00"
"3";="I1022639";"PP";="FLANGE 9,52 X 95 X 30 4 FUROS";="PC";="G2005885";"MP";="CHAPA ACO A36 12,70MM";="KG";"1,4800";"0,00";"72085100";"0,00";"0";"0,00"
"2";="I2011471";"PP";="CONJ BOMBA RESERVATORIO DE ÓLEO 1";="CJ";="I1022653";"PP";="PERFIL U 6,35 X 90 X 90 X 200 X 180 SUP MOTOR HID";="PC";"1,0000";"0,00";"87169010";"0,00";"0";"0,00"
"3";="I1022653";"PP";="PERFIL U 6,35 X 90 X 90 X 200 X 180 SUP MOTOR HID";="PC";="G2005887";"MP";="CHAPA ACO A36 6,35MM";="KG";"1,8100";"3,25";"72085200";"0,00";"5";"0,00"
"2";="I2011471";"PP";="CONJ BOMBA RESERVATORIO DE ÓLEO 1";="CJ";="I1022660";"PP";="ACOPLAMENTO FLEXIVEL AC 28";="PC";"1,0000";"0,00";"87169010";"0,00";"0";"0,00"
"3";="I1022660";"PP";="ACOPLAMENTO FLEXIVEL AC 28";="PC";="G1017788";"MP";="ACOPLAMENTO FLEXIVEL AC 28";="PC";"1,0000";"0,00";"84836090";"0,00";"0";"0,00"
"2";="I2011471";"PP";="CONJ BOMBA RESERVATORIO DE ÓLEO 1";="CJ";="I1022780";"PP";="PROTECAO ACOPLAMENTO 2 X 90 X 200 X 130";="PC";"1,0000";"0,00";"87169010";"0,00";"0";"0,00"
"3";="I1022780";"PP";="PROTECAO ACOPLAMENTO 2 X 90 X 200 X 130";="PC";="G2005932";"MP";="CHAPA ACO A36 2,00MM";="KG";"0,8000";"3,25";"72085400";"0,00";"5";"0,00"
"2";="I2011471";"PP";="CONJ BOMBA RESERVATORIO DE ÓLEO 1";="CJ";="I1034317";"PP";="TUBO 33 40 X 3 38 X 76 30 1 REC";="PC";"1,0000";"0,00";"87169010";"0,00";"0";"0,00"
"3";="I1034317";"PP";="TUBO 33 40 X 3 38 X 76 30 1 REC";="PC";="G2005798";"MP";="TUBO REDONDO NBR 5590 ANSI B 36.10 SCH40 SEM COSTURA 33,40 X 26,64 X 3,38MM";="KG";"0,1800";"0,00";"73063000";"0,00";"0";"0,00"
"2";="I2011471";"PP";="CONJ BOMBA RESERVATORIO DE ÓLEO 1";="CJ";="I1034318";"PP";="TUBO 33 40 X 3 38 X 60 00 1 REC ROSCA BSP 1";="PC";"2,0000";"0,00";"87169010";"0,00";"0";"0,00"
"3";="I1034318";"PP";="TUBO 33 40 X 3 38 X 60 00 1 REC ROSCA BSP 1";="PC";="G2005798";"MP";="TUBO REDONDO NBR 5590 ANSI B 36.10 SCH40 SEM COSTURA 33,40 X 26,64 X 3,38MM";="KG";"0,2800";"0,00";"73063000";"0,00";"0";"0,00"
"2";="I2011471";"PP";="CONJ BOMBA RESERVATORIO DE ÓLEO 1";="CJ";="I1034333";"PP";="TUBO 33 40 X 3 38 X 130 00 2 REC";="PC";"1,0000";"0,00";"87169010";"0,00";"0";"0,00"
"3";="I1034333";"PP";="TUBO 33 40 X 3 38 X 130 00 2 REC";="PC";="G2005798";"MP";="TUBO REDONDO NBR 5590 ANSI B 36.10 SCH40 SEM COSTURA 33,40 X 26,64 X 3,38MM";="KG";"0,3100";"0,00";"73063000";"0,00";"0";"0,00"
"2";="I2011471";"PP";="CONJ BOMBA RESERVATORIO DE ÓLEO 1";="CJ";="I1034334";"PP";="TUBO 33 40 X 3 38 X 100 00 2 REC ROSCA 1 BSP";="PC";"1,0000";"0,00";"87169010";"0,00";"0";"0,00"
"3";="I1034334";"PP";="TUBO 33 40 X 3 38 X 100 00 2 REC ROSCA 1 BSP";="PC";="G2005798";"MP";="TUBO REDONDO NBR 5590 ANSI B 36.10 SCH40 SEM COSTURA 33,40 X 26,64 X 3,38MM";="KG";"0,2300";"0,00";"73063000";"0,00";"0";"0,00"
"2";="I2011471";"PP";="CONJ BOMBA RESERVATORIO DE ÓLEO 1";="CJ";="I1034339";"PP";="TUBO 33 40 X 3 38 X 300 00 1 REC ROSCA 1 BSP";="PC";"1,0000";"0,00";"87169010";"0,00";"0";"0,00"
"3";="I1034339";"PP";="TUBO 33 40 X 3 38 X 300 00 1 REC ROSCA 1 BSP";="PC";="G2005798";"MP";="TUBO REDONDO NBR 5590 ANSI B 36.10 SCH40 SEM COSTURA 33,40 X 26,64 X 3,38MM";="KG";"0,7400";"0,00";"73063000";"0,00";"0";"0,00"
"2";="I2011471";"PP";="CONJ BOMBA RESERVATORIO DE ÓLEO 1";="CJ";="I1034349";"PP";="PERFIL OMEGA 4 75 X 35 X 120 X 250 X 120 X 35 4 DIAM 12";="PC";"1,0000";"0,00";"87169010";"0,00";"0";"0,00"
"3";="I1034349";"PP";="PERFIL OMEGA 4 75 X 35 X 120 X 250 X 120 X 35 4 DIAM 12";="PC";="G2005931";"MP";="CHAPA ACO A36 4,75MM";="KG";"6,7000";"0,00";"72085200";"0,00";"0";"0,00"
"2";="I2011471";"PP";="CONJ BOMBA RESERVATORIO DE ÓLEO 1";="CJ";="I2014538";"PP";="CONJ FIX PARAF FL M10 X 35 01ARRUELA E PORCA AUTO TRAVANTE";="CJ";"4,0000";"0,00";"87169010";"0,00";"0";"0,00"
"3";="I2014538";"PP";="CONJ FIX PARAF FL M10 X 35 01ARRUELA E PORCA AUTO TRAVANTE";="CJ";="G3000951";"MP";="ARRUELA LISA M10 DIN125";="PC";"4,0000";"3,25";"73182100";"0,00";"0";"0,00"
"3";="I2014538";"PP";="CONJ FIX PARAF FL M10 X 35 01ARRUELA E PORCA AUTO TRAVANTE";="CJ";="G3001067";"MP";="PO SX M10 X 1,50 CL8 INS NY AUTO TRAV DIN985 ZF";="PC";"4,0000";"3,25";"73181600";"0,00";"0";"0,00"
"3";="I2014538";"PP";="CONJ FIX PARAF FL M10 X 35 01ARRUELA E PORCA AUTO TRAVANTE";="CJ";="G3007840";"MP";="PF SX FL M10 X 1,50 X 35 CL 8.8 DIN 6921";="PC";"4,0000";"6,50";"73181500";"0,00";"0";"0,00"
"1";="I3001192";"PA";="COMBOIO 10.000L 6 4 1 AGUA 3 RESERV ALTA VAZAO VM 290 6X4R EE 4800 MAN . 2026";="CJ";="I2015513";"PP";="CONJ LANTERNAS LATERAIS TRASEIRA E CORDOALHA COMBOIO 10.000L";="CJ";"1,0000";"0,00";"87169010";"0,00";"0";"0,00"
"2";="I2015513";"PP";="CONJ LANTERNAS LATERAIS TRASEIRA E CORDOALHA COMBOIO 10.000L";="CJ";="I2007576";"PP";="CONJ CABO DE ATERRAMENTO COMBOIO TANQUE PP";="CJ";"1,0000";"0,00";"87169010";"0,00";"0";"0,00"
"3";="I2007576";"PP";="CONJ CABO DE ATERRAMENTO COMBOIO TANQUE PP";="CJ";="G3002554";"MP";="TERMINAL OLHAL 6MM PRE ISOLADO";="PC";"2,0000";"3,25";"85366990";"0,00";"0";"0,00"
"3";="I2007576";"PP";="CONJ CABO DE ATERRAMENTO COMBOIO TANQUE PP";="CJ";="G3006212";"MP";="REBITE POP REPUXO ALUMINIO 4,8X30MM";="PC";"2,0000";"6,50";"76161000";"0,00";"0";"0,00"
"3";="I2007576";"PP";="CONJ CABO DE ATERRAMENTO COMBOIO TANQUE PP";="CJ";="I1024108";"PP";="CABO FLEXIVEL AUTOMOTIVO PRETO 1,5MM X 150MM";="PC";"1,0000";"0,00";"87169010";"0,00";"0";"0,00"
"4";="I1024108";"PP";="CABO FLEXIVEL AUTOMOTIVO PRETO 1,5MM X 150MM";="PC";="G1000584";"MP";="CABO FLEXIVEL AUTOMOTIVO 1,5MM PRETO";="MT";"0,1500";"3,25";"85444900";"0,00";"0";"0,00"
"2";="I2015513";"PP";="CONJ LANTERNAS LATERAIS TRASEIRA E CORDOALHA COMBOIO 10.000L";="CJ";="I2015512";"PP";="CONJ LANTERNA LATERAL E TRASEIRA COMPLETO";="CJ";"10,0000";"0,00";"87169010";"0,00";"0";"0,00"
"3";="I2015512";"PP";="CONJ LANTERNA LATERAL E TRASEIRA COMPLETO";="CJ";="G1003139";"MP";="LANTERNA LATERAL AMARELA LED BIVOLT CHASSI 2057";="PC";"10,0000";"3,25";"85122021";"0,00";"0";"0,00"
"3";="I2015512";"PP";="CONJ LANTERNA LATERAL E TRASEIRA COMPLETO";="CJ";="G1009662";"MP";="CHICOTE AIZ CABO 300MM COM TYCO";="PC";"10,0000";"3,25";"85443000";"0,00";"0";"0,00"
"3";="I2015512";"PP";="CONJ LANTERNA LATERAL E TRASEIRA COMPLETO";="CJ";="G1013109";"MP";="PO SX M4 X 0,70 CL6 DIN934 ZF";="PC";"20,0000";"0,00";"73181600";"0,00";"0";"0,00"
"3";="I2015512";"PP";="CONJ LANTERNA LATERAL E TRASEIRA COMPLETO";="CJ";="G3000314";"MP";="ARRUELA LISA M4 ABA LARGA ZINCADO";="PC";"20,0000";"3,25";"73182100";"0,00";"0";"0,00"
"3";="I2015512";"PP";="CONJ LANTERNA LATERAL E TRASEIRA COMPLETO";="CJ";="G3013059";"MP";="PF MAQ CAB PANELA PHILLIPS M4 X 0,7 X 16 CL5.8 DIN7985 BICROMATIZADO";="PC";"30,0000";"0,00";"73181500";"0,00";"0";"0,00"
"1";="I3001192";"PA";="COMBOIO 10.000L 6 4 1 AGUA 3 RESERV ALTA VAZAO VM 290 6X4R EE 4800 MAN . 2026";="CJ";="I2015518";"PP";="CONJ PROTETOR LATERAL 02 COLUNAS ALT 670MM COMP. AJUST. COMBOIO";="CJ";"3,0000";"0,00";"87169010";"0,00";"0";"0,00"
"2";="I2015518";"PP";="CONJ PROTETOR LATERAL 02 COLUNAS ALT 670MM COMP. AJUST. COMBOIO";="CJ";="G1002811";"MP";="TAMPA RETANGULAR 100 X 30MM";="PC";"12,0000";"3,25";"87169090";"0,00";"0";"0,00"
"2";="I2015518";"PP";="CONJ PROTETOR LATERAL 02 COLUNAS ALT 670MM COMP. AJUST. COMBOIO";="CJ";="I1007209";"PP";="MAO FRANCESA PL";="PC";"6,0000";"3,25";"87169010";"0,00";"0";"0,00"
"3";="I1007209";"PP";="MAO FRANCESA PL";="PC";="G2005882";"MP";="CHAPA ACO A36 3,00MM";="KG";"11,2200";"3,25";"72085300";"0,00";"0";"0,00"
"2";="I2015518";"PP";="CONJ PROTETOR LATERAL 02 COLUNAS ALT 670MM COMP. AJUST. COMBOIO";="CJ";="I1007213";"PP";="FIXACAO DA MAO FRANCESA";="PC";"6,0000";"3,25";"87169010";"0,00";"0";"0,00"
"3";="I1007213";"PP";="FIXACAO DA MAO FRANCESA";="PC";="G2005882";"MP";="CHAPA ACO A36 3,00MM";="KG";"0,9000";"3,25";"72085300";"0,00";"0";"0,00"
"2";="I2015518";"PP";="CONJ PROTETOR LATERAL 02 COLUNAS ALT 670MM COMP. AJUST. COMBOIO";="CJ";="I1008468";"PP";="PERFIL ALUM PROT LAT 32 X 100 X 1250";="PC";"6,0000";"3,25";"87169010";"0,00";"0";"0,00"
"3";="I1008468";"PP";="PERFIL ALUM PROT LAT 32 X 100 X 1250";="PC";="G1000333";"MP";="PERFIL LATERAL EM ALUMINIO 32 X 100 X 6000MM";="MT";"7,5000";"3,25";"76042920";"0,00";"0";"0,00"
"2";="I2015518";"PP";="CONJ PROTETOR LATERAL 02 COLUNAS ALT 670MM COMP. AJUST. COMBOIO";="CJ";="I1011585";"PP";="PERFIL U 3 X 52 X 60 X 670 6DIAM11";="PC";"6,0000";"3,25";"87169010";"0,00";"0";"0,00"
"3";="I1011585";"PP";="PERFIL U 3 X 52 X 60 X 670 6DIAM11";="PC";="G2005882";"MP";="CHAPA ACO A36 3,00MM";="KG";"14,4600";"3,25";"72085300";"0,00";"0";"0,00"
"2";="I2015518";"PP";="CONJ PROTETOR LATERAL 02 COLUNAS ALT 670MM COMP. AJUST. COMBOIO";="CJ";="I2013558";"PP";="CONJ FIX PARAF FL M8 X 25  E PORCA FL M8";="CJ";"48,0000";"0,00";"87169090";"0,00";"0";"0,00"
"3";="I2013558";"PP";="CONJ FIX PARAF FL M8 X 25  E PORCA FL M8";="CJ";="G3002236";"MP";="PF SX FL SERRILHADO M8 X 1,25 X 25 CL8.8 DIN6921 ZF";="PC";"48,0000";"3,25";"73181500";"0,00";"0";"0,00"
"3";="I2013558";"PP";="CONJ FIX PARAF FL M8 X 25  E PORCA FL M8";="CJ";="G3007835";"MP";="PO SX FL SERRILHADO M8 X 1,25 CL8 DIN6923 MACROCOLT";="PC";"48,0000";"6,50";"73181600";"0,00";"0";"0,00"
"1";="I3001192";"PA";="COMBOIO 10.000L 6 4 1 AGUA 3 RESERV ALTA VAZAO VM 290 6X4R EE 4800 MAN . 2026";="CJ";="I2015599";"PP";="CONJ ACESSORIOS CHASSI COMBOIO 10,0000 L VM290 MOD, 2026";="CJ";"1,0000";"0,00";"87169010";"0,00";"0";"0,00"
"2";="I2015599";"PP";="CONJ ACESSORIOS CHASSI COMBOIO 10,0000 L VM290 MOD, 2026";="CJ";="G1015172";"MP";="TOMADA DE FORCA CX AT2612D TRAS FLANGE SAE B 13Z 1:0,9 ANTI.HOR T9160.00";="PC";"1,0000";"0,00";"84834010";"0,00";"0";"0,00"
"2";="I2015599";"PP";="CONJ ACESSORIOS CHASSI COMBOIO 10,0000 L VM290 MOD, 2026";="CJ";="I1007726";"PP";="TRAVESSA FECHAMENTO TRASEIRO CHASSI";="PC";"1,0000";"0,00";"87169010";"0,00";"0";"0,00"
"3";="I1007726";"PP";="TRAVESSA FECHAMENTO TRASEIRO CHASSI";="PC";="G2005931";"MP";="CHAPA ACO A36 4,75MM";="KG";"13,6500";"0,00";"72085200";"0,00";"0";"0,00"
"2";="I2015599";"PP";="CONJ ACESSORIOS CHASSI COMBOIO 10,0000 L VM290 MOD, 2026";="CJ";="I2002654";"PP";="RESERVATORIO DE OLEO 90 LITROS";="CJ";"1,0000";"3,25";"87169010";"0,00";"0";"0,00"
"3";="I2002654";"PP";="RESERVATORIO DE OLEO 90 LITROS";="CJ";="G1002611";"MP";="VALVULA ESFERA LATAO ASTM B 124 C377 MONOBLOCO - PP 1.1/2"" BSP - PN25";="PC";"1,0000";"3,25";"84818095";"0,00";"0";"0,00"
"3";="I2002654";"PP";="RESERVATORIO DE OLEO 90 LITROS";="CJ";="G1009107";"MP";="BOMBA HIDRAULICA SAIDA TRASEIRA 56.5 CM3/ROT SAE B 13Z";="PC";"1,0000";"0,00";"84122900";"0,00";"0";"0,00"
"3";="I2002654";"PP";="RESERVATORIO DE OLEO 90 LITROS";="CJ";="G1009210";"MC";="ABRACADEIRA ACO CARBONO SUPRENS MS MPA 3540";="PC";"1,0000";"0,00";"73269090";"0,00";"0";"0,00"
"3";="I2002654";"PP";="RESERVATORIO DE OLEO 90 LITROS";="CJ";="G1009268";"MP";="VISOR DE NIVEL 3/4"" NPT";="PC";"1,0000";"3,25";"90261029";"0,00";"0";"0,00"
"3";="I2002654";"PP";="RESERVATORIO DE OLEO 90 LITROS";="CJ";="G3000312";"MP";="PO SX M14X2,00 CL8 DIN934 ZF";="PC";"4,0000";"3,25";"73181600";"0,00";"8";"0,00"
"3";="I2002654";"PP";="RESERVATORIO DE OLEO 90 LITROS";="CJ";="G3000951";"MP";="ARRUELA LISA M10 DIN125";="PC";"8,0000";"3,25";"73182100";"0,00";"0";"0,00"
"3";="I2002654";"PP";="RESERVATORIO DE OLEO 90 LITROS";="CJ";="G3001012";"MP";="PO SX M10 X 1,50 CL8 DIN934 ZB";="PC";"4,0000";"3,25";"73181600";"0,00";"0";"0,00"
"3";="I2002654";"PP";="RESERVATORIO DE OLEO 90 LITROS";="CJ";="G3001107";"MP";="PF SX M10 X 1,50 X 30 CL 8.8 DIN 933 RI ZF";="PC";"4,0000";"3,25";"73181500";"0,00";"0";"0,00"
"3";="I2002654";"PP";="RESERVATORIO DE OLEO 90 LITROS";="CJ";="G3001128";"MP";="ARRUELA  LISA M14 ZB";="PC";"8,0000";"3,25";"73182100";"0,00";"0";"0,00"
"3";="I2002654";"PP";="RESERVATORIO DE OLEO 90 LITROS";="CJ";="G3004553";"MP";="PF SX M14 X 2,00 X 30MM CL 8.8 DIN 933 RI ZB";="PC";"4,0000";"3,25";"73181500";"0,00";"0";"0,00"
"3";="I2002654";"PP";="RESERVATORIO DE OLEO 90 LITROS";="CJ";="G3008736";"MP";="FILTRO DE RETORNO CASAPPA HF 547 20 280 CONF DES";="PC";"1,0000";"3,25";"84212990";"0,00";"3";"0,00"
"3";="I2002654";"PP";="RESERVATORIO DE OLEO 90 LITROS";="CJ";="G3009026";"MP";="SINALIZADOR ACUSTICO UNIVERSAL DNI 0516";="PC";"1,0000";"3,25";"85318000";"0,00";"0";"0,00"
"3";="I2002654";"PP";="RESERVATORIO DE OLEO 90 LITROS";="CJ";="G3010140";"MP";="BOTAO ACIONAMENTO TOMADA DE FORÇA COM LED E SAIDA PARA SIRENE";="PC";"1,0000";"0,00";"84812090";"0,00";"0";"0,00"
"3";="I2002654";"PP";="RESERVATORIO DE OLEO 90 LITROS";="CJ";="I1007328";"PP";="LUVA COM ROSCA 3/4""";="PC";"1,0000";"3,25";"87169010";"0,00";"0";"0,00"
"4";="I1007328";"PP";="LUVA COM ROSCA 3/4""";="PC";="G2000073";"MP";="BARRA REDONDA SAE1020 41,27MM LAMINADA";="KG";"0,1600";"3,25";"72283000";"0,00";"0";"0,00"
"3";="I2002654";"PP";="RESERVATORIO DE OLEO 90 LITROS";="CJ";="I1007627";"PP";="LATERAL DO RESERVATORIO 3 X 600 X 400 ABAS 30";="PC";"2,0000";"0,00";"87169010";"0,00";"0";"0,00"
"4";="I1007627";"PP";="LATERAL DO RESERVATORIO 3 X 600 X 400 ABAS 30";="PC";="G2005882";"MP";="CHAPA ACO A36 3,00MM";="KG";"13,6200";"3,25";"72085300";"0,00";"0";"0,00"
"3";="I2002654";"PP";="RESERVATORIO DE OLEO 90 LITROS";="CJ";="I1007628";"PP";="CORPO RESERVATORIO 3 X 30 X 30 X 400 X 400 X 600 X 380";="PC";"1,0000";"3,25";"87169010";"0,00";"0";"0,00"
"4";="I1007628";"PP";="CORPO RESERVATORIO 3 X 30 X 30 X 400 X 400 X 600 X 380";="PC";="G2005882";"MP";="CHAPA ACO A36 3,00MM";="KG";"13,0300";"3,25";"72085300";"0,00";"0";"0,00"
"3";="I2002654";"PP";="RESERVATORIO DE OLEO 90 LITROS";="CJ";="I1007631";"PP";="CANTONEIRA DE FIXACAO 40 X 40 X 480";="PC";"2,0000";"3,25";"87169010";"0,00";"0";"0,00"
"4";="I1007631";"PP";="CANTONEIRA DE FIXACAO 40 X 40 X 480";="PC";="G2005882";"MP";="CHAPA ACO A36 3,00MM";="KG";"1,6600";"3,25";"72085300";"0,00";"0";"0,00"
"3";="I2002654";"PP";="RESERVATORIO DE OLEO 90 LITROS";="CJ";="I1007764";"PP";="NIPLE SIMPLES 1.1/2""";="PC";"2,0000";"0,00";"87169010";"0,00";"0";"0,00"
"4";="I1007764";"PP";="NIPLE SIMPLES 1.1/2""";="PC";="G2005868";"MP";="TUBO DIN 2440 NBR5580 48,30 X 41,60 X 3,35MM";="KG";"0,5000";"3,25";"73063000";"0,00";"0";"0,00"
"3";="I2002654";"PP";="RESERVATORIO DE OLEO 90 LITROS";="CJ";="I1008709";"PP";="ESPIGAO 1.1/4""";="PC";"1,0000";"6,50";"87169010";"0,00";"0";"0,00"
"4";="I1008709";"PP";="ESPIGAO 1.1/4""";="PC";="G2005798";"MP";="TUBO REDONDO NBR 5590 ANSI B 36.10 SCH40 SEM COSTURA 33,40 X 26,64 X 3,38MM";="KG";"0,1200";"0,00";"73063000";"0,00";"0";"0,00"
"3";="I2002654";"PP";="RESERVATORIO DE OLEO 90 LITROS";="CJ";="I1008712";"PP";="NIPEL 1"" X ESPIGAO 1.1/4""";="PC";"1,0000";"9,75";"87169010";"0,00";"0";"0,00"
"4";="I1008712";"PP";="NIPEL 1"" X ESPIGAO 1.1/4""";="PC";="G2005798";"MP";="TUBO REDONDO NBR 5590 ANSI B 36.10 SCH40 SEM COSTURA 33,40 X 26,64 X 3,38MM";="KG";"0,1800";"0,00";"73063000";"0,00";"0";"0,00"
"3";="I2002654";"PP";="RESERVATORIO DE OLEO 90 LITROS";="CJ";="I1030355";"PP";="CHAPA 390 X 300 X 25 3 REC";="PC";"1,0000";"0,00";"87169010";"0,00";"0";"0,00"
"4";="I1030355";"PP";="CHAPA 390 X 300 X 25 3 REC";="PC";="G2005932";"MP";="CHAPA ACO A36 2,00MM";="KG";"2,1100";"3,25";"72085400";"0,00";"5";"0,00"
"3";="I2002654";"PP";="RESERVATORIO DE OLEO 90 LITROS";="CJ";="I1030395";"PP";="COLARINHO FIXACAO FLANGE 3 X 100 X 50";="PC";"2,0000";"0,00";"87169010";"0,00";"0";"0,00"
"4";="I1030395";"PP";="COLARINHO FIXACAO FLANGE 3 X 100 X 50";="PC";="G2005882";"MP";="CHAPA ACO A36 3,00MM";="KG";"0,2200";"3,25";"72085300";"0,00";"0";"0,00"
"3";="I2002654";"PP";="RESERVATORIO DE OLEO 90 LITROS";="CJ";="I1030396";"PP";="FLANGE QUADR 6,35 X 115 X 115 DIAM 90 M8";="PC";"1,0000";"0,00";"87169010";"0,00";"0";"0,00"
"4";="I1030396";"PP";="FLANGE QUADR 6,35 X 115 X 115 DIAM 90 M8";="PC";="G2005887";"MP";="CHAPA ACO A36 6,35MM";="KG";"0,3300";"3,25";"72085200";"0,00";"5";"0,00"
"3";="I2002654";"PP";="RESERVATORIO DE OLEO 90 LITROS";="CJ";="I1030397";"PP";="TAMPA SUPERIOR 3 X 540 X 380 REC";="PC";"1,0000";"0,00";"87169010";"0,00";"0";"0,00"
"4";="I1030397";"PP";="TAMPA SUPERIOR 3 X 540 X 380 REC";="PC";="G2005882";"MP";="CHAPA ACO A36 3,00MM";="KG";"4,6600";"3,25";"72085300";"0,00";"0";"0,00"
"3";="I2002654";"PP";="RESERVATORIO DE OLEO 90 LITROS";="CJ";="I2003251";"PP";="PERFIL L SUPORTE RESERVATORIO DE OLEO";="CJ";"2,0000";"0,00";"87169010";"0,00";"0";"0,00"
"4";="I2003251";"PP";="PERFIL L SUPORTE RESERVATORIO DE OLEO";="CJ";="I1007630";"PP";="PERFIL U 6.35X55X55X75X620 4DIAM 11";="PC";"2,0000";"9,75";"87169010";"0,00";"0";"0,00"
"5";="I1007630";"PP";="PERFIL U 6.35X55X55X75X620 4DIAM 11";="PC";="G2005887";"MP";="CHAPA ACO A36 6,35MM";="KG";"10,0000";"3,25";"72085200";"0,00";"5";"0,00"
"4";="I2003251";"PP";="PERFIL L SUPORTE RESERVATORIO DE OLEO";="CJ";="I1007632";"PP";="PERFIL U 60,00 X 90,00 X 60,00 X 500,00";="PC";"2,0000";"3,25";"87169010";"0,00";"0";"0,00"
"5";="I1007632";"PP";="PERFIL U 60,00 X 90,00 X 60,00 X 500,00";="PC";="G2005887";"MP";="CHAPA ACO A36 6,35MM";="KG";"9,3200";"3,25";"72085200";"0,00";"5";"0,00"
"2";="I2015599";"PP";="CONJ ACESSORIOS CHASSI COMBOIO 10,0000 L VM290 MOD, 2026";="CJ";="I2002873";"PP";="PARACHOQUE RETRATIL 770C/C 10 A 23T";="CJ";"1,0000";"3,25";"87169010";"0,00";"0";"0,00"
"3";="I2002873";"PP";="PARACHOQUE RETRATIL 770C/C 10 A 23T";="CJ";="G1000553";"MP";="REBITE ACO MACICO CAB ABAULADA CORDA 12,7 X 25 CONF DES";="PC";"2,0000";"3,25";"76161000";"0,00";"0";"0,00"
"3";="I2002873";"PP";="PARACHOQUE RETRATIL 770C/C 10 A 23T";="CJ";="G1001538";"MP";="PLAQUETA AIZI PARACHOQUE ACIMA 23.500KG CONF DES";="PC";"1,0000";"3,25";"83100000";"0,00";"0";"0,00"
"3";="I2002873";"PP";="PARACHOQUE RETRATIL 770C/C 10 A 23T";="CJ";="G1001870";"MP";="MOLA DE PARACHOQUE CONF DES";="PC";"2,0000";"3,25";"73201000";"0,00";"0";"0,00"
"3";="I2002873";"PP";="PARACHOQUE RETRATIL 770C/C 10 A 23T";="CJ";="G1003793";"MP";="PINO QUEBRA DEDO 1/4 X 2"" MONTADO C/ CABO DE ACO 2MM CONF DES";="UN";"2,0000";"3,25";"83011000";"0,00";"0";"0,00"
"3";="I2002873";"PP";="PARACHOQUE RETRATIL 770C/C 10 A 23T";="CJ";="G3000328";"MP";="REBITE REPUXO ALUMINIO 4,8 X 12MM";="PC";"4,0000";"3,25";"83082000";"0,00";"0";"0,00"
"3";="I2002873";"PP";="PARACHOQUE RETRATIL 770C/C 10 A 23T";="CJ";="I1006836";"PP";="PERFIL OMEGA 6,35 X 40 X 109 X 97 X 475 2DIAM27";="PC";"2,0000";"3,25";"87169010";"0,00";"0";"0,00"
"4";="I1006836";"PP";="PERFIL OMEGA 6,35 X 40 X 109 X 97 X 475 2DIAM27";="PC";="G2005887";"MP";="CHAPA ACO A36 6,35MM";="KG";"16,6800";"3,25";"72085200";"0,00";"5";"0,00"
"3";="I2002873";"PP";="PARACHOQUE RETRATIL 770C/C 10 A 23T";="CJ";="I1006837";"PP";="MAO FRANC 6,35 X 146,37 X 292,74";="PC";"2,0000";"3,25";"87169010";"0,00";"0";"0,00"
"4";="I1006837";"PP";="MAO FRANC 6,35 X 146,37 X 292,74";="PC";="G2005887";"MP";="CHAPA ACO A36 6,35MM";="KG";"3,4800";"3,25";"72085200";"0,00";"5";"0,00"
"3";="I2002873";"PP";="PARACHOQUE RETRATIL 770C/C 10 A 23T";="CJ";="I1006845";"PP";="PINO DIAM26,00 X DIAM31,75 X 120,00";="PC";"2,0000";"3,25";"87169010";"0,00";"0";"0,00"
"4";="I1006845";"PP";="PINO DIAM26,00 X DIAM31,75 X 120,00";="PC";="G2000082";"MP";="BARRA REDONDA SAE1045 31,75MM LAMINADA";="KG";"1,1000";"3,25";"72283000";"0,00";"3";"0,00"
"3";="I2002873";"PP";="PARACHOQUE RETRATIL 770C/C 10 A 23T";="CJ";="I1012135";"PP";="SUPORTE PLAQ PARACHOQUE 2 X 80 X 55";="PC";"1,0000";"3,25";"87169010";"0,00";"0";"0,00"
"4";="I1012135";"PP";="SUPORTE PLAQ PARACHOQUE 2 X 80 X 55";="PC";="G2005932";"MP";="CHAPA ACO A36 2,00MM";="KG";"0,0900";"3,25";"72085400";"0,00";"5";"0,00"
"3";="I2002873";"PP";="PARACHOQUE RETRATIL 770C/C 10 A 23T";="CJ";="I2009925";"PP";="CONJ LAMINA PARACHOQUE 10T A 23T";="CJ";"1,0000";"0,00";"87169010";"0,00";"0";"0,00"
"4";="I2009925";"PP";="CONJ LAMINA PARACHOQUE 10T A 23T";="CJ";="G1000553";"MP";="REBITE ACO MACICO CAB ABAULADA CORDA 12,7 X 25 CONF DES";="PC";"2,0000";"3,25";"76161000";"0,00";"0";"0,00"
"4";="I2009925";"PP";="CONJ LAMINA PARACHOQUE 10T A 23T";="CJ";="I1006841";"PP";="LAMINA PARA CHOQUE 6,35 X 2400";="PC";"1,0000";"3,25";"87169010";"0,00";"0";"0,00"
"5";="I1006841";"PP";="LAMINA PARA CHOQUE 6,35 X 2400";="PC";="G2005887";"MP";="CHAPA ACO A36 6,35MM";="KG";"51,1100";"3,25";"72085200";"0,00";"5";"0,00"
"4";="I2009925";"PP";="CONJ LAMINA PARACHOQUE 10T A 23T";="CJ";="I1006842";"PP";="PERFIL L 4,75 X 65 X 85 X 685";="PC";"1,0000";"3,25";"87169010";"0,00";"0";"0,00"
"5";="I1006842";"PP";="PERFIL L 4,75 X 65 X 85 X 685";="PC";="G2005931";"MP";="CHAPA ACO A36 4,75MM";="KG";"3,6300";"0,00";"72085200";"0,00";"0";"0,00"
"4";="I2009925";"PP";="CONJ LAMINA PARACHOQUE 10T A 23T";="CJ";="I1006843";"PP";="REFORCO LAT 4,75 X 80 X 151 X 779 REC D";="PC";"1,0000";"3,25";"87169010";"0,00";"0";"0,00"
"5";="I1006843";"PP";="REFORCO LAT 4,75 X 80 X 151 X 779 REC D";="PC";="G2005931";"MP";="CHAPA ACO A36 4,75MM";="KG";"4,2900";"0,00";"72085200";"0,00";"0";"0,00"
"4";="I2009925";"PP";="CONJ LAMINA PARACHOQUE 10T A 23T";="CJ";="I1006844";"PP";="REFORCO LAT 4,75 X 80 X 151 X 779 REC E";="PC";"1,0000";"3,25";"87169010";"0,00";"0";"0,00"
"5";="I1006844";"PP";="REFORCO LAT 4,75 X 80 X 151 X 779 REC E";="PC";="G2005931";"MP";="CHAPA ACO A36 4,75MM";="KG";"4,2900";"0,00";"72085200";"0,00";"0";"0,00"
"4";="I2009925";"PP";="CONJ LAMINA PARACHOQUE 10T A 23T";="CJ";="I2002874";"PP";="CONJ COLUNA ARTICULACAO 565 X 100";="CJ";"2,0000";"3,25";"87169010";"0,00";"0";"0,00"
"5";="I2002874";"PP";="CONJ COLUNA ARTICULACAO 565 X 100";="CJ";="I1006838";"PP";="PERFIL 6,35 X 40 X 100 X 565 REC 1DIAM36 LD";="PC";"2,0000";"3,25";"87169010";"0,00";"0";"0,00"
"6";="I1006838";"PP";="PERFIL 6,35 X 40 X 100 X 565 REC 1DIAM36 LD";="PC";="G2005887";"MP";="CHAPA ACO A36 6,35MM";="KG";"8,6000";"3,25";"72085200";"0,00";"5";"0,00"
"5";="I2002874";"PP";="CONJ COLUNA ARTICULACAO 565 X 100";="CJ";="I1006839";"PP";="PERFIL 6,35 X 40 X 100 X 565 REC 1DIAM36 LE";="PC";"2,0000";"3,25";"87169010";"0,00";"0";"0,00"
"6";="I1006839";"PP";="PERFIL 6,35 X 40 X 100 X 565 REC 1DIAM36 LE";="PC";="G2005887";"MP";="CHAPA ACO A36 6,35MM";="KG";"8,6000";"3,25";"72085200";"0,00";"5";"0,00"
"5";="I2002874";"PP";="CONJ COLUNA ARTICULACAO 565 X 100";="CJ";="I1006840";"PP";="BUCHA ESPACADORA";="PC";"2,0000";"3,25";"87169010";"0,00";"0";"0,00"
"6";="I1006840";"PP";="BUCHA ESPACADORA";="PC";="G2005798";"MP";="TUBO REDONDO NBR 5590 ANSI B 36.10 SCH40 SEM COSTURA 33,40 X 26,64 X 3,38MM";="KG";"0,4000";"0,00";"73063000";"0,00";"0";"0,00"
"5";="I2002874";"PP";="CONJ COLUNA ARTICULACAO 565 X 100";="CJ";="I1008286";"PP";="FECHAMENTO COLUNA PARACHOQUE 45 X 65";="PC";"2,0000";"0,00";"87169010";"0,00";"0";"0,00"
"6";="I1008286";"PP";="FECHAMENTO COLUNA PARACHOQUE 45 X 65";="PC";="G2005882";"MP";="CHAPA ACO A36 3,00MM";="KG";"0,3200";"3,25";"72085300";"0,00";"0";"0,00"
"2";="I2015599";"PP";="CONJ ACESSORIOS CHASSI COMBOIO 10,0000 L VM290 MOD, 2026";="CJ";="I2003159";"PP";="SUPORTE SIMBOLOGIA DIANTEIRA";="CJ";"1,0000";"3,25";"87169010";"0,00";"0";"0,00"
"3";="I2003159";"PP";="SUPORTE SIMBOLOGIA DIANTEIRA";="CJ";="G1004660";"MP";="PO SX FL M10 X 1,50 CL 8 DIN 6927 TORQ  ZF";="PC";"2,0000";"6,50";"73181600";"0,00";"0";"0,00"
"3";="I2003159";"PP";="SUPORTE SIMBOLOGIA DIANTEIRA";="CJ";="G3000325";"MP";="PO REBITE SX M6 X 1,00 TUBULAR ROSCA INT ZINCADO";="PC";"2,0000";"3,25";"73181600";"0,00";"0";"0,00"
"3";="I2003159";"PP";="SUPORTE SIMBOLOGIA DIANTEIRA";="CJ";="G3004330";"MP";="PF SX FL M10 X 1,50 X 25 CL8.8 DIN6921 ZF";="PC";"2,0000";"3,25";"73181500";"0,00";"0";"0,00"
"3";="I2003159";"PP";="SUPORTE SIMBOLOGIA DIANTEIRA";="CJ";="I1007715";"PP";="PERFIL L SUP PLACA PP 3 X 40 X 150";="PC";"1,0000";"0,00";"87169010";"0,00";"0";"0,00"
"4";="I1007715";"PP";="PERFIL L SUP PLACA PP 3 X 40 X 150";="PC";="G2005882";"MP";="CHAPA ACO A36 3,00MM";="KG";"0,2300";"3,25";"72085300";"0,00";"0";"0,00"
"3";="I2003159";"PP";="SUPORTE SIMBOLOGIA DIANTEIRA";="CJ";="I1009143";"PP";="SUP PLACA 3 X 45 X 128 2DIAM11";="PC";"1,0000";"0,00";"87169010";"0,00";"0";"0,00"
"4";="I1009143";"PP";="SUP PLACA 3 X 45 X 128 2DIAM11";="PC";="G2005882";"MP";="CHAPA ACO A36 3,00MM";="KG";"0,2500";"3,25";"72085300";"0,00";"0";"0,00"
"2";="I2015599";"PP";="CONJ ACESSORIOS CHASSI COMBOIO 10,0000 L VM290 MOD, 2026";="CJ";="I2007882";"PP";="CONJ RESERVATORIO DE OLEO USADO 150 LITROS";="CJ";"1,0000";"0,00";"87169010";"0,00";"0";"0,00"
"3";="I2007882";"PP";="CONJ RESERVATORIO DE OLEO USADO 150 LITROS";="CJ";="G1007287";"MP";="REGISTRO ESFERA 1POL";="PC";"1,0000";"3,25";"84818093";"0,00";"0";"0,00"
"3";="I2007882";"PP";="CONJ RESERVATORIO DE OLEO USADO 150 LITROS";="CJ";="G1009268";"MP";="VISOR DE NIVEL 3/4"" NPT";="PC";"2,0000";"3,25";"90261029";"0,00";"0";"0,00"
"3";="I2007882";"PP";="CONJ RESERVATORIO DE OLEO USADO 150 LITROS";="CJ";="G1022571";"MP";="CURVA AC ASTM A234 GR WPB 90 RL SCH40 1"" ANSI B 16.9 PS DIAM EXT 33,40MM ESP 3,38MM";="PC";"1,0000";"0,00";"73063000";"0,00";"0";"0,00"
"3";="I2007882";"PP";="CONJ RESERVATORIO DE OLEO USADO 150 LITROS";="CJ";="G3000312";"MP";="PO SX M14X2,00 CL8 DIN934 ZF";="PC";"4,0000";"3,25";"73181600";"0,00";"8";"0,00"
"3";="I2007882";"PP";="CONJ RESERVATORIO DE OLEO USADO 150 LITROS";="CJ";="G3000951";"MP";="ARRUELA LISA M10 DIN125";="PC";"8,0000";"3,25";"73182100";"0,00";"0";"0,00"
"3";="I2007882";"PP";="CONJ RESERVATORIO DE OLEO USADO 150 LITROS";="CJ";="G3001012";"MP";="PO SX M10 X 1,50 CL8 DIN934 ZB";="PC";"4,0000";"3,25";"73181600";"0,00";"0";"0,00"
"3";="I2007882";"PP";="CONJ RESERVATORIO DE OLEO USADO 150 LITROS";="CJ";="G3001107";"MP";="PF SX M10 X 1,50 X 30 CL 8.8 DIN 933 RI ZF";="PC";"4,0000";"3,25";"73181500";"0,00";"0";"0,00"
"3";="I2007882";"PP";="CONJ RESERVATORIO DE OLEO USADO 150 LITROS";="CJ";="G3001128";"MP";="ARRUELA  LISA M14 ZB";="PC";"8,0000";"3,25";"73182100";"0,00";"0";"0,00"
"3";="I2007882";"PP";="CONJ RESERVATORIO DE OLEO USADO 150 LITROS";="CJ";="G3004553";"MP";="PF SX M14 X 2,00 X 30MM CL 8.8 DIN 933 RI ZB";="PC";"4,0000";"3,25";"73181500";"0,00";"0";"0,00"
"3";="I2007882";"PP";="CONJ RESERVATORIO DE OLEO USADO 150 LITROS";="CJ";="I1007328";"PP";="LUVA COM ROSCA 3/4""";="PC";"2,0000";"3,25";"87169010";"0,00";"0";"0,00"
"4";="I1007328";"PP";="LUVA COM ROSCA 3/4""";="PC";="G2000073";"MP";="BARRA REDONDA SAE1020 41,27MM LAMINADA";="KG";"0,3200";"3,25";"72283000";"0,00";"0";"0,00"
"3";="I2007882";"PP";="CONJ RESERVATORIO DE OLEO USADO 150 LITROS";="CJ";="I1007630";"PP";="PERFIL U 6.35X55X55X75X620 4DIAM 11";="PC";"2,0000";"9,75";"87169010";"0,00";"0";"0,00"
"4";="I1007630";"PP";="PERFIL U 6.35X55X55X75X620 4DIAM 11";="PC";="G2005887";"MP";="CHAPA ACO A36 6,35MM";="KG";"10,0000";"3,25";"72085200";"0,00";"5";"0,00"
"3";="I2007882";"PP";="CONJ RESERVATORIO DE OLEO USADO 150 LITROS";="CJ";="I1007631";"PP";="CANTONEIRA DE FIXACAO 40 X 40 X 480";="PC";"2,0000";"3,25";"87169010";"0,00";"0";"0,00"
"4";="I1007631";"PP";="CANTONEIRA DE FIXACAO 40 X 40 X 480";="PC";="G2005882";"MP";="CHAPA ACO A36 3,00MM";="KG";"1,6600";"3,25";"72085300";"0,00";"0";"0,00"
"3";="I2007882";"PP";="CONJ RESERVATORIO DE OLEO USADO 150 LITROS";="CJ";="I1007632";"PP";="PERFIL U 60,00 X 90,00 X 60,00 X 500,00";="PC";"2,0000";"3,25";"87169010";"0,00";"0";"0,00"
"4";="I1007632";"PP";="PERFIL U 60,00 X 90,00 X 60,00 X 500,00";="PC";="G2005887";"MP";="CHAPA ACO A36 6,35MM";="KG";"9,3200";"3,25";"72085200";"0,00";"5";"0,00"
"3";="I2007882";"PP";="CONJ RESERVATORIO DE OLEO USADO 150 LITROS";="CJ";="I1007691";"PP";="TUBO FIXACAO FLANGE 60,30 X 3,65 X 30";="PC";"1,0000";"5,20";"87169010";"0,00";"0";"0,00"
"4";="I1007691";"PP";="TUBO FIXACAO FLANGE 60,30 X 3,65 X 30";="PC";="G2005707";"MP";="TUBO DIN 2440 NBR5580 60,30 X 52,80 X 3,75MM";="KG";"0,1500";"0,00";"73063000";"0,00";"0";"0,00"
"3";="I2007882";"PP";="CONJ RESERVATORIO DE OLEO USADO 150 LITROS";="CJ";="I1007692";"PP";="FLANGE FIXACAO BOCAL 6,35 X 84 X 53 6 DIAM 7";="PC";"1,0000";"5,20";"87169010";"0,00";"0";"0,00"
"4";="I1007692";"PP";="FLANGE FIXACAO BOCAL 6,35 X 84 X 53 6 DIAM 7";="PC";="G2005887";"MP";="CHAPA ACO A36 6,35MM";="KG";"0,1500";"3,25";"72085200";"0,00";"5";"0,00"
"3";="I2007882";"PP";="CONJ RESERVATORIO DE OLEO USADO 150 LITROS";="CJ";="I1008714";"PP";="NIPLE 1""";="PC";"1,0000";"0,00";"87169010";"0,00";"0";"0,00"
"4";="I1008714";"PP";="NIPLE 1""";="PC";="G2000183";"MP";="TUBO REDONDO NBR 5590 ANSI B 36.10 SCH40 COM COSTURA 33,40 X 26,64 X 3,38MM";="KG";"0,1300";"3,25";"73063000";"0,00";"0";"0,00"
"3";="I2007882";"PP";="CONJ RESERVATORIO DE OLEO USADO 150 LITROS";="CJ";="I1024631";"PP";="LATERAL DO RESERVATORIO 3 X 500 X 500";="PC";"2,0000";"0,00";"87169010";"0,00";"0";"0,00"
"4";="I1024631";"PP";="LATERAL DO RESERVATORIO 3 X 500 X 500";="PC";="G2005882";"MP";="CHAPA ACO A36 3,00MM";="KG";"14,1000";"3,25";"72085300";"0,00";"0";"0,00"
"3";="I2007882";"PP";="CONJ RESERVATORIO DE OLEO USADO 150 LITROS";="CJ";="I1024632";"PP";="PERFIL FRONTAL RESERVATORIO 4,75 X 500 X 500 X 500 X 590";="PC";"1,0000";"0,00";"87169010";"0,00";"0";"0,00"
"4";="I1024632";"PP";="PERFIL FRONTAL RESERVATORIO 4,75 X 500 X 500 X 500 X 590";="PC";="G2005931";"MP";="CHAPA ACO A36 4,75MM";="KG";"34,3500";"0,00";"72085200";"0,00";"0";"0,00"
"3";="I2007882";"PP";="CONJ RESERVATORIO DE OLEO USADO 150 LITROS";="CJ";="I1024633";"PP";="TAMPA SUPERIOR 3 X 440 X 590";="PC";"1,0000";"0,00";"87169010";"0,00";"0";"0,00"
"4";="I1024633";"PP";="TAMPA SUPERIOR 3 X 440 X 590";="PC";="G2005882";"MP";="CHAPA ACO A36 3,00MM";="KG";"6,0700";"3,25";"72085300";"0,00";"0";"0,00"
"2";="I2015599";"PP";="CONJ ACESSORIOS CHASSI COMBOIO 10,0000 L VM290 MOD, 2026";="CJ";="I2015526";"PP";="CONJ FIXACAO CONSOLE COMBOIO 10.000L E.E. 4800/1370MM VOLVO VM 6X4 MOD. 2026";="CJ";"1,0000";"0,00";"87169010";"0,00";"0";"0,00"
"3";="I2015526";"PP";="CONJ FIXACAO CONSOLE COMBOIO 10.000L E.E. 4800/1370MM VOLVO VM 6X4 MOD. 2026";="CJ";="I1044369";"PP";="PLACA FIX RIGIDA 8 X 250.00 X 242.50 FUR CHASSI VOLVO VM";="PC";"4,0000";"0,00";"87169010";"0,00";"0";"0,00"
"4";="I1044369";"PP";="PLACA FIX RIGIDA 8 X 250.00 X 242.50 FUR CHASSI VOLVO VM";="PC";="G2005883";"MP";="CHAPA ACO A36 7,94MM";="KG";"9,2800";"0,00";"72085200";"0,00";"0";"0,00"
"3";="I2015526";"PP";="CONJ FIXACAO CONSOLE COMBOIO 10.000L E.E. 4800/1370MM VOLVO VM 6X4 MOD. 2026";="CJ";="I2009382";"PP";="CONJ AMORTECEDOR SIMPLES OBLONGO VM 290";="CJ";"4,0000";"0,00";"87169010";"0,00";"0";"0,00"
"4";="I2009382";"PP";="CONJ AMORTECEDOR SIMPLES OBLONGO VM 290";="CJ";="G1009172";"MP";="BUCHA APOIO TANQUE DIAM EXT 70 X ALTURA 70 X DIAM INT 20 MM CONF DESENHO";="PC";"4,0000";"3,25";"40012200";"0,00";"0";"0,00"
"4";="I2009382";"PP";="CONJ AMORTECEDOR SIMPLES OBLONGO VM 290";="CJ";="G1014845";"MP";="PO SX FL TORQUE M16 X 2,00 CL10 DIN 6927 ZFE";="PC";"8,0000";"0,00";"73181600";"0,00";"0";"0,00"
"4";="I2009382";"PP";="CONJ AMORTECEDOR SIMPLES OBLONGO VM 290";="CJ";="G3003418";"MP";="PF SX M20 X 2,50 X 140 RI CL 8.8 ZF";="PC";"4,0000";"3,25";"73181500";"0,00";"0";"0,00"
"4";="I2009382";"PP";="CONJ AMORTECEDOR SIMPLES OBLONGO VM 290";="CJ";="G3005252";"MP";="PF SX FL M16 X 2,0 X 45 CL 10.9 DIN 912 RP DIN 6921 ZF";="PC";"8,0000";"0,00";"73181500";"0,00";"0";"0,00"
"4";="I2009382";"PP";="CONJ AMORTECEDOR SIMPLES OBLONGO VM 290";="CJ";="G3010420";"MP";="PO SX AUT TRAV M20 X 2,50 CL8 DIN985 ZF";="PC";"4,0000";"0,00";"73181600";"0,00";"0";"0,00"
"4";="I2009382";"PP";="CONJ AMORTECEDOR SIMPLES OBLONGO VM 290";="CJ";="I1007333";"PP";="ARRUELA 72 X 24 X 6,35";="PC";"4,0000";"3,25";"87169010";"0,00";"0";"0,00"
"5";="I1007333";"PP";="ARRUELA 72 X 24 X 6,35";="PC";="G2005887";"MP";="CHAPA ACO A36 6,35MM";="KG";"0,7200";"3,25";"72085200";"0,00";"5";"0,00"
"4";="I2009382";"PP";="CONJ AMORTECEDOR SIMPLES OBLONGO VM 290";="CJ";="I1013437";"PP";="AMORTECEDOR 130 X 100";="PC";"4,0000";"0,00";"87169010";"0,00";"0";"0,00"
"5";="I1013437";"PP";="AMORTECEDOR 130 X 100";="PC";="G1015402";"MP";="LENCOL DE BORRACHA 9,5 X 1000 X 1000MM 1 LONA 70 SHORE NR1087";="M";"0,5200";"0,00";"73063000";"0,00";"0";"0,00"
"4";="I2009382";"PP";="CONJ AMORTECEDOR SIMPLES OBLONGO VM 290";="CJ";="I2004917";"PP";="AMORTECEDOR SIMPLES SUPERIOR OBLONGO";="CJ";"4,0000";"0,00";"87169010";"0,00";"0";"0,00"
"5";="I2004917";"PP";="AMORTECEDOR SIMPLES SUPERIOR OBLONGO";="CJ";="I1007331";"PP";="REFORCO 95,00 X 95,00";="PC";"8,0000";"3,25";"87169010";"0,00";"0";"0,00"
"6";="I1007331";"PP";="REFORCO 95,00 X 95,00";="PC";="G2005887";"MP";="CHAPA ACO A36 6,35MM";="KG";"1,7600";"3,25";"72085200";"0,00";"5";"0,00"
"5";="I2004917";"PP";="AMORTECEDOR SIMPLES SUPERIOR OBLONGO";="CJ";="I1014052";"PP";="PERFIL SIMPLES SUPERIOR OBLONGO";="PC";"4,0000";"0,00";"87169010";"0,00";"0";"0,00"
"6";="I1014052";"PP";="PERFIL SIMPLES SUPERIOR OBLONGO";="PC";="G2005887";"MP";="CHAPA ACO A36 6,35MM";="KG";"5,1200";"3,25";"72085200";"0,00";"5";"0,00"
"4";="I2009382";"PP";="CONJ AMORTECEDOR SIMPLES OBLONGO VM 290";="CJ";="I2009383";"PP";="CONJ AMORTECEDOR SIMPLES INFERIOR OBLONGO VM 290";="CJ";"4,0000";"0,00";"87169010";"0,00";"0";"0,00"
"5";="I2009383";"PP";="CONJ AMORTECEDOR SIMPLES INFERIOR OBLONGO VM 290";="CJ";="I1007331";"PP";="REFORCO 95,00 X 95,00";="PC";"8,0000";"3,25";"87169010";"0,00";"0";"0,00"
"6";="I1007331";"PP";="REFORCO 95,00 X 95,00";="PC";="G2005887";"MP";="CHAPA ACO A36 6,35MM";="KG";"1,7600";"3,25";"72085200";"0,00";"5";"0,00"
"5";="I2009383";"PP";="CONJ AMORTECEDOR SIMPLES INFERIOR OBLONGO VM 290";="CJ";="I1028648";"PP";="PERFIL L 6,35 X 100 X 100 X 130 2DIAM17";="PC";"4,0000";"0,00";"87169010";"0,00";"0";"0,00"
"6";="I1028648";"PP";="PERFIL L 6,35 X 100 X 100 X 130 2DIAM17";="PC";="G2005887";"MP";="CHAPA ACO A36 6,35MM";="KG";"5,0400";"3,25";"72085200";"0,00";"5";"0,00"
"3";="I2015526";"PP";="CONJ FIXACAO CONSOLE COMBOIO 10.000L E.E. 4800/1370MM VOLVO VM 6X4 MOD. 2026";="CJ";="I2015527";"PP";="CONJ CONSOLE SIMPLES SEMI ELASTICO CHASSI VOLVO VM";="CJ";"10,0000";"0,00";"87169010";"0,00";"0";"0,00"
"4";="I2015527";"PP";="CONJ CONSOLE SIMPLES SEMI ELASTICO CHASSI VOLVO VM";="CJ";="G1016221";"MP";="PF SX FL M20 X 2,50 X 80 CL10.9 DIN6921 RP";="PC";"10,0000";"0,00";"73181500";"0,00";"0";"0,00"
"4";="I2015527";"PP";="CONJ CONSOLE SIMPLES SEMI ELASTICO CHASSI VOLVO VM";="CJ";="G3010420";"MP";="PO SX AUT TRAV M20 X 2,50 CL8 DIN985 ZF";="PC";"10,0000";"0,00";"73181600";"0,00";"0";"0,00"
"4";="I2015527";"PP";="CONJ CONSOLE SIMPLES SEMI ELASTICO CHASSI VOLVO VM";="CJ";="I1013437";"PP";="AMORTECEDOR 130 X 100";="PC";"10,0000";"0,00";"87169010";"0,00";"0";"0,00"
"5";="I1013437";"PP";="AMORTECEDOR 130 X 100";="PC";="G1015402";"MP";="LENCOL DE BORRACHA 9,5 X 1000 X 1000MM 1 LONA 70 SHORE NR1087";="M";"1,3000";"0,00";"73063000";"0,00";"0";"0,00"
"4";="I2015527";"PP";="CONJ CONSOLE SIMPLES SEMI ELASTICO CHASSI VOLVO VM";="CJ";="I2004917";"PP";="AMORTECEDOR SIMPLES SUPERIOR OBLONGO";="CJ";"10,0000";"0,00";"87169010";"0,00";"0";"0,00"
"5";="I2004917";"PP";="AMORTECEDOR SIMPLES SUPERIOR OBLONGO";="CJ";="I1007331";"PP";="REFORCO 95,00 X 95,00";="PC";"20,0000";"3,25";"87169010";"0,00";"0";"0,00"
"6";="I1007331";"PP";="REFORCO 95,00 X 95,00";="PC";="G2005887";"MP";="CHAPA ACO A36 6,35MM";="KG";"4,4000";"3,25";"72085200";"0,00";"5";"0,00"
"5";="I2004917";"PP";="AMORTECEDOR SIMPLES SUPERIOR OBLONGO";="CJ";="I1014052";"PP";="PERFIL SIMPLES SUPERIOR OBLONGO";="PC";"10,0000";"0,00";"87169010";"0,00";"0";"0,00"
"6";="I1014052";"PP";="PERFIL SIMPLES SUPERIOR OBLONGO";="PC";="G2005887";"MP";="CHAPA ACO A36 6,35MM";="KG";"12,8000";"3,25";"72085200";"0,00";"5";"0,00"
"4";="I2015527";"PP";="CONJ CONSOLE SIMPLES SEMI ELASTICO CHASSI VOLVO VM";="CJ";="I2009383";"PP";="CONJ AMORTECEDOR SIMPLES INFERIOR OBLONGO VM 290";="CJ";"10,0000";"0,00";"87169010";"0,00";"0";"0,00"
"5";="I2009383";"PP";="CONJ AMORTECEDOR SIMPLES INFERIOR OBLONGO VM 290";="CJ";="I1007331";"PP";="REFORCO 95,00 X 95,00";="PC";"20,0000";"3,25";"87169010";"0,00";"0";"0,00"
"6";="I1007331";"PP";="REFORCO 95,00 X 95,00";="PC";="G2005887";"MP";="CHAPA ACO A36 6,35MM";="KG";"4,4000";"3,25";"72085200";"0,00";"5";"0,00"
"5";="I2009383";"PP";="CONJ AMORTECEDOR SIMPLES INFERIOR OBLONGO VM 290";="CJ";="I1028648";"PP";="PERFIL L 6,35 X 100 X 100 X 130 2DIAM17";="PC";"10,0000";"0,00";"87169010";"0,00";"0";"0,00"
"6";="I1028648";"PP";="PERFIL L 6,35 X 100 X 100 X 130 2DIAM17";="PC";="G2005887";"MP";="CHAPA ACO A36 6,35MM";="KG";"12,6000";"3,25";"72085200";"0,00";"5";"0,00"
"2";="I2015599";"PP";="CONJ ACESSORIOS CHASSI COMBOIO 10,0000 L VM290 MOD, 2026";="CJ";="I2015597";"PP";="CONJ ARMARIO MONT LAT PALOJ CJ ABAST DIESEL E COMANDO";="CJ";"1,0000";"0,00";"87169010";"0,00";"0";"0,00"
"3";="I2015597";"PP";="CONJ ARMARIO MONT LAT PALOJ CJ ABAST DIESEL E COMANDO";="CJ";="I1044444";"PP";="PERFIL RETANG AC 4,75 X 140,00 X 170,00MM CHAPA DE REF ARM ALOJ GERADOR MONT LAT";="PC";"2,0000";"0,00";"87169010";"0,00";"0";"0,00"
"4";="I1044444";"PP";="PERFIL RETANG AC 4,75 X 140,00 X 170,00MM CHAPA DE REF ARM ALOJ GERADOR MONT LAT";="PC";="G2005931";"MP";="CHAPA ACO A36 4,75MM";="KG";"1,6800";"0,00";"72085200";"0,00";"0";"0,00"
"3";="I2015597";"PP";="CONJ ARMARIO MONT LAT PALOJ CJ ABAST DIESEL E COMANDO";="CJ";="I1044637";"PP";="PERFIL U AC 4,75 X 50,00 X 105,00 X 50,00 X 140,00MM TRAV TRAS ARM CHASSI";="PC";"4,0000";"0,00";"87169010";"0,00";"0";"0,00"
"4";="I1044637";"PP";="PERFIL U AC 4,75 X 50,00 X 105,00 X 50,00 X 140,00MM TRAV TRAS ARM CHASSI";="PC";="G2005931";"MP";="CHAPA ACO A36 4,75MM";="KG";"3,7200";"0,00";"72085200";"0,00";"0";"0,00"
"3";="I2015597";"PP";="CONJ ARMARIO MONT LAT PALOJ CJ ABAST DIESEL E COMANDO";="CJ";="I2014538";"PP";="CONJ FIX PARAF FL M10 X 35 01ARRUELA E PORCA AUTO TRAVANTE";="CJ";"24,0000";"0,00";"87169010";"0,00";"0";"0,00"
"4";="I2014538";"PP";="CONJ FIX PARAF FL M10 X 35 01ARRUELA E PORCA AUTO TRAVANTE";="CJ";="G3000951";"MP";="ARRUELA LISA M10 DIN125";="PC";"24,0000";"3,25";"73182100";"0,00";"0";"0,00"
"4";="I2014538";"PP";="CONJ FIX PARAF FL M10 X 35 01ARRUELA E PORCA AUTO TRAVANTE";="CJ";="G3001067";"MP";="PO SX M10 X 1,50 CL8 INS NY AUTO TRAV DIN985 ZF";="PC";"24,0000";"3,25";"73181600";"0,00";"0";"0,00"
"4";="I2014538";"PP";="CONJ FIX PARAF FL M10 X 35 01ARRUELA E PORCA AUTO TRAVANTE";="CJ";="G3007840";"MP";="PF SX FL M10 X 1,50 X 35 CL 8.8 DIN 6921";="PC";"24,0000";"6,50";"73181500";"0,00";"0";"0,00"
"3";="I2015597";"PP";="CONJ ARMARIO MONT LAT PALOJ CJ ABAST DIESEL E COMANDO";="CJ";="I2015352";"PP";="CONJ FIX PARAF. FL M12 X 40 01 ARRUELA E PORCA AUTO TRAVANTE";="CJ";"6,0000";"0,00";"87169010";"0,00";"0";"0,00"
"4";="I2015352";"PP";="CONJ FIX PARAF. FL M12 X 40 01 ARRUELA E PORCA AUTO TRAVANTE";="CJ";="G1005032";"MP";="PF SX FL M12 X 1,75 X 40 CL8.8 DIN6921 ZF";="PC";"6,0000";"3,25";"73181500";"0,00";"0";"0,00"
"4";="I2015352";"PP";="CONJ FIX PARAF. FL M12 X 40 01 ARRUELA E PORCA AUTO TRAVANTE";="CJ";="G3001079";"MP";="PO SX AUT TRAV M12 X 1,75 CL8 DIN985";="PC";"6,0000";"6,50";"73181600";"0,00";"0";"0,00"
"4";="I2015352";"PP";="CONJ FIX PARAF. FL M12 X 40 01 ARRUELA E PORCA AUTO TRAVANTE";="CJ";="G3001126";"MP";="ARRUELA LISA M12 ZB";="PC";"6,0000";"3,25";"73182100";"0,00";"0";"0,00"
"3";="I2015597";"PP";="CONJ ARMARIO MONT LAT PALOJ CJ ABAST DIESEL E COMANDO";="CJ";="I2015551";"PP";="CONJ FIX PARAF FL M12 X 50 01 ARRUELA E PORCA AUTO TRAVANTE 10,9";="CJ";"6,0000";"0,00";"87169010";"0,00";"0";"0,00"
"4";="I2015551";"PP";="CONJ FIX PARAF FL M12 X 50 01 ARRUELA E PORCA AUTO TRAVANTE 10,9";="CJ";="G3001079";"MP";="PO SX AUT TRAV M12 X 1,75 CL8 DIN985";="PC";"6,0000";"6,50";"73181600";"0,00";"0";"0,00"
"4";="I2015551";"PP";="CONJ FIX PARAF FL M12 X 50 01 ARRUELA E PORCA AUTO TRAVANTE 10,9";="CJ";="G3001126";"MP";="ARRUELA LISA M12 ZB";="PC";"6,0000";"3,25";"73182100";"0,00";"0";"0,00"
"4";="I2015551";"PP";="CONJ FIX PARAF FL M12 X 50 01 ARRUELA E PORCA AUTO TRAVANTE 10,9";="CJ";="G3002567";"MP";="PF SX FL M12 X 1,75 X 50 CL10.9 DIN6921 ZF";="PC";"6,0000";"3,25";"73181500";"0,00";"0";"0,00"
"3";="I2015597";"PP";="CONJ ARMARIO MONT LAT PALOJ CJ ABAST DIESEL E COMANDO";="CJ";="I2015596";"PP";="CONJ ARM LAT ALOJ GERADOR 2 X 1100 X 600 X 710 MM";="CJ";"1,0000";"0,00";"87169010";"0,00";"0";"0,00"
"4";="I2015596";"PP";="CONJ ARM LAT ALOJ GERADOR 2 X 1100 X 600 X 710 MM";="CJ";="I1027861";"PP";="PERFIL L 4,75 X 40 X 40 X 60 R10";="PC";"1,0000";"0,00";"87169010";"0,00";"0";"0,00"
"5";="I1027861";"PP";="PERFIL L 4,75 X 40 X 40 X 60 R10";="PC";="G2005931";"MP";="CHAPA ACO A36 4,75MM";="KG";"0,1600";"0,00";"72085200";"0,00";"0";"0,00"
"4";="I2015596";"PP";="CONJ ARM LAT ALOJ GERADOR 2 X 1100 X 600 X 710 MM";="CJ";="I1044626";"PP";="ASSOALHO ARMARIO MONT LAT 2 X 25,00 X 35,00 X 38,00 X 40,00 X 610,00 X 25,00 X 1096,00MM";="PC";"1,0000";"0,00";"87169010";"0,00";"0";"0,00"
"5";="I1044626";"PP";="ASSOALHO ARMARIO MONT LAT 2 X 25,00 X 35,00 X 38,00 X 40,00 X 610,00 X 25,00 X 1096,00MM";="PC";="G2005932";"MP";="CHAPA ACO A36 2,00MM";="KG";"13,1400";"3,25";"72085400";"0,00";"5";"0,00"
"4";="I2015596";"PP";="CONJ ARM LAT ALOJ GERADOR 2 X 1100 X 600 X 710 MM";="CJ";="I1044627";"PP";="PERFIL LAT DIR ARM LAT 2 X 30,00 X 40,00 X 35,00 X 652,00 X 710,00 MM";="PC";"1,0000";"0,00";"87169010";"0,00";"0";"0,00"
"5";="I1044627";"PP";="PERFIL LAT DIR ARM LAT 2 X 30,00 X 40,00 X 35,00 X 652,00 X 710,00 MM";="PC";="G2005932";"MP";="CHAPA ACO A36 2,00MM";="KG";"8,2400";"3,25";"72085400";"0,00";"5";"0,00"
"4";="I2015596";"PP";="CONJ ARM LAT ALOJ GERADOR 2 X 1100 X 600 X 710 MM";="CJ";="I1044628";"PP";="PERFIL LAT ESQ ARM ALOJ GERADOR 2 X 30,00 X 40,00 X 35,00 X 652,00 X 710,00 MM";="PC";"1,0000";"0,00";"87169010";"0,00";"0";"0,00"
"5";="I1044628";"PP";="PERFIL LAT ESQ ARM ALOJ GERADOR 2 X 30,00 X 40,00 X 35,00 X 652,00 X 710,00 MM";="PC";="G2005932";"MP";="CHAPA ACO A36 2,00MM";="KG";"8,2400";"3,25";"72085400";"0,00";"5";"0,00"
"4";="I2015596";"PP";="CONJ ARM LAT ALOJ GERADOR 2 X 1100 X 600 X 710 MM";="CJ";="I1044629";"PP";="TETO ARM MONT LAT 2 X 40,00 X 35,00 X 35,00 X 100,00 X 1096,00 MM";="PC";"1,0000";"0,00";"87169010";"0,00";"0";"0,00"
"5";="I1044629";"PP";="TETO ARM MONT LAT 2 X 40,00 X 35,00 X 35,00 X 100,00 X 1096,00 MM";="PC";="G2005932";"MP";="CHAPA ACO A36 2,00MM";="KG";"3,4400";"3,25";"72085400";"0,00";"5";"0,00"
"4";="I2015596";"PP";="CONJ ARM LAT ALOJ GERADOR 2 X 1100 X 600 X 710 MM";="CJ";="I1044630";"PP";="PERFIL L 4,75 X 100 X 40 X 140 REC";="PC";"1,0000";"0,00";"87169010";"0,00";"0";"0,00"
"5";="I1044630";"PP";="PERFIL L 4,75 X 100 X 40 X 140 REC";="PC";="G2005931";"MP";="CHAPA ACO A36 4,75MM";="KG";"0,5300";"0,00";"72085200";"0,00";"0";"0,00"
"4";="I2015596";"PP";="CONJ ARM LAT ALOJ GERADOR 2 X 1100 X 600 X 710 MM";="CJ";="I1044631";"PP";="PERFIL U AC 2 X 1093,00 X 500,00 X ABA 20,00 X FUNDO ARM CONJ MOTOBBA HIDR";="PC";"1,0000";"0,00";"87169010";"0,00";"0";"0,00"
"5";="I1044631";"PP";="PERFIL U AC 2 X 1093,00 X 500,00 X ABA 20,00 X FUNDO ARM CONJ MOTOBBA HIDR";="PC";="G2005932";"MP";="CHAPA ACO A36 2,00MM";="KG";"8,7900";"3,25";"72085400";"0,00";"5";"0,00"
"4";="I2015596";"PP";="CONJ ARM LAT ALOJ GERADOR 2 X 1100 X 600 X 710 MM";="CJ";="I2015554";"PP";="CONJ PORTA C FECHADURA EMBUTIR MONT LD ESQ ARM ALOJ GERADOR MONT EXT";="CJ";"1,0000";"0,00";"87169010";"0,00";"0";"0,00"
"5";="I2015554";"PP";="CONJ PORTA C FECHADURA EMBUTIR MONT LD ESQ ARM ALOJ GERADOR MONT EXT";="CJ";="G1009112";"MP";="FECHO DE EMBUTIR 16MM C/CHAVE PROFUGO 724";="PC";"1,0000";"6,50";"84122900";"0,00";"0";"0,00"
"5";="I2015554";"PP";="CONJ PORTA C FECHADURA EMBUTIR MONT LD ESQ ARM ALOJ GERADOR MONT EXT";="CJ";="G3000328";"MP";="REBITE REPUXO ALUMINIO 4,8 X 12MM";="PC";"8,0000";"3,25";"83082000";"0,00";"0";"0,00"
"5";="I2015554";"PP";="CONJ PORTA C FECHADURA EMBUTIR MONT LD ESQ ARM ALOJ GERADOR MONT EXT";="CJ";="G3006035";"MP";="GONZO 16MM 5/8"" CONF DES";="PC";"2,0000";"3,25";"83021000";"0,00";"0";"0,00"
"5";="I2015554";"PP";="CONJ PORTA C FECHADURA EMBUTIR MONT LD ESQ ARM ALOJ GERADOR MONT EXT";="CJ";="G3010009";"MP";="PINO ELASTICO DIN 1481 5 X 20 CONF DES";="PC";"2,0000";"3,25";"73181500";"0,00";"0";"0,00"
"5";="I2015554";"PP";="CONJ PORTA C FECHADURA EMBUTIR MONT LD ESQ ARM ALOJ GERADOR MONT EXT";="CJ";="I1044484";"PP";="PORTA FECHADURA ARM LAT 2 X 508 X 630 X 29MM";="PC";"1,0000";"0,00";"87169010";"0,00";"0";"0,00"
"6";="I1044484";"PP";="PORTA FECHADURA ARM LAT 2 X 508 X 630 X 29MM";="PC";="G2005932";"MP";="CHAPA ACO A36 2,00MM";="KG";"6,1900";"3,25";"72085400";"0,00";"5";"0,00"
"5";="I2015554";"PP";="CONJ PORTA C FECHADURA EMBUTIR MONT LD ESQ ARM ALOJ GERADOR MONT EXT";="CJ";="I1044488";"PP";="BORRACHA VEDACAO PORTA ARM ALOJ GERADOR MONT EXT LD LE";="PC";"1,0000";"0,00";"87169010";"0,00";"0";"0,00"
"6";="I1044488";"PP";="BORRACHA VEDACAO PORTA ARM ALOJ GERADOR MONT EXT LD LE";="PC";="G1009109";"MP";="PERFIL BIELASTOMERO PARA PORTAS";="MT";"2,1450";"0,00";"40169990";"0,00";"0";"0,00"
"5";="I2015554";"PP";="CONJ PORTA C FECHADURA EMBUTIR MONT LD ESQ ARM ALOJ GERADOR MONT EXT";="CJ";="I2013255";"PP";="CONJ BRACO DE MONT INFERIOR PARA PORTA VERTICAL LAT MANTER ABERT";="CJ";"1,0000";"0,00";"87169010";"0,00";"0";"0,00"
"6";="I2013255";"PP";="CONJ BRACO DE MONT INFERIOR PARA PORTA VERTICAL LAT MANTER ABERT";="CJ";="G1005029";"MP";="PO SX AUTO TRAV M8 X 1,25 CL 8 DIN 985 ZB";="PC";"1,0000";"3,25";"73181600";"0,00";"0";"0,00"
"6";="I2013255";"PP";="CONJ BRACO DE MONT INFERIOR PARA PORTA VERTICAL LAT MANTER ABERT";="CJ";="G3004428";"MP";="PF SX FL M8 X 1,25 X 25 CL8.8 DIN6921 ZF";="PC";"1,0000";"3,25";"73181500";"0,00";"0";"0,00"
"6";="I2013255";"PP";="CONJ BRACO DE MONT INFERIOR PARA PORTA VERTICAL LAT MANTER ABERT";="CJ";="I1006833";"PP";="SUPORTE TIRANTE";="PC";"2,0000";"11,70";"87169010";"0,00";"0";"0,00"
"7";="I1006833";"PP";="SUPORTE TIRANTE";="PC";="G2005882";"MP";="CHAPA ACO A36 3,00MM";="KG";"0,0800";"3,25";"72085300";"0,00";"0";"0,00"
"6";="I2013255";"PP";="CONJ BRACO DE MONT INFERIOR PARA PORTA VERTICAL LAT MANTER ABERT";="CJ";="I1038970";"PP";="BRACO DE FIX INFERIOR P/ PORTA LAT 6,35 X 20 X 220";="PC";"1,0000";"0,00";"87169010";"0,00";"0";"0,00"
"7";="I1038970";"PP";="BRACO DE FIX INFERIOR P/ PORTA LAT 6,35 X 20 X 220";="PC";="G2005887";"MP";="CHAPA ACO A36 6,35MM";="KG";"0,2100";"3,25";"72085200";"0,00";"5";"0,00"
"6";="I2013255";"PP";="CONJ BRACO DE MONT INFERIOR PARA PORTA VERTICAL LAT MANTER ABERT";="CJ";="I1038971";"PP";="PINO 7,94 X 15 TRAVAMENTO INFERIOR PARA PORTA LATERAL";="PC";"2,0000";"0,00";"87169010";"0,00";"0";"0,00"
"7";="I1038971";"PP";="PINO 7,94 X 15 TRAVAMENTO INFERIOR PARA PORTA LATERAL";="PC";="G2000064";"MP";="BARRA REDONDA SAE1020 7,93MM LAMINADA";="KG";"0,0200";"5,20";"72283000";"0,00";"3";"0,00"
"5";="I2015554";"PP";="CONJ PORTA C FECHADURA EMBUTIR MONT LD ESQ ARM ALOJ GERADOR MONT EXT";="CJ";="I2015556";"PP";="CONJ FECHADURA ARM ALOJ GERADOR MONT EXT";="CJ";"1,0000";"0,00";"87169010";"0,00";"0";"0,00"
"6";="I2015556";"PP";="CONJ FECHADURA ARM ALOJ GERADOR MONT EXT";="CJ";="I1007211";"PP";="BUCHA DE ARTICULACAO 30 X 22,22";="PC";"2,0000";"3,25";"87169010";"0,00";"0";"0,00"
"7";="I1007211";"PP";="BUCHA DE ARTICULACAO 30 X 22,22";="PC";="G2005696";"MP";="TUBO INDUSTRIAL 22,22 X 2,65 PAREDE";="KG";"0,0820";"3,25";"73043910";"0,00";"0";"0,00"
"6";="I2015556";"PP";="CONJ FECHADURA ARM ALOJ GERADOR MONT EXT";="CJ";="I1007212";"PP";="TRAVA INTERNA";="PC";"2,0000";"3,25";"87169010";"0,00";"0";"0,00"
"7";="I1007212";"PP";="TRAVA INTERNA";="PC";="G2005882";"MP";="CHAPA ACO A36 3,00MM";="KG";"0,1400";"3,25";"72085300";"0,00";"0";"0,00"
"6";="I2015556";"PP";="CONJ FECHADURA ARM ALOJ GERADOR MONT EXT";="CJ";="I1008779";"PP";="BARRA RED 15,88 X 157 FURO DIAM 5";="PC";"1,0000";"3,25";"87169010";"0,00";"0";"0,00"
"7";="I1008779";"PP";="BARRA RED 15,88 X 157 FURO DIAM 5";="PC";="G2000054";"MP";="BARRA REDONDA SAE1020 15,88MM TREFILADA";="KG";"0,2400";"5,20";"72155000";"0,00";"0";"0,00"
"6";="I2015556";"PP";="CONJ FECHADURA ARM ALOJ GERADOR MONT EXT";="CJ";="I1044491";"PP";="BARRA RED 15,88 X 345,00 FURO DIAM 5,00";="PC";"1,0000";"0,00";"87169010";"0,00";"0";"0,00"
"7";="I1044491";"PP";="BARRA RED 15,88 X 345,00 FURO DIAM 5,00";="PC";="G2000054";"MP";="BARRA REDONDA SAE1020 15,88MM TREFILADA";="KG";"0,5300";"5,20";"72155000";"0,00";"0";"0,00"
"4";="I2015596";"PP";="CONJ ARM LAT ALOJ GERADOR 2 X 1100 X 600 X 710 MM";="CJ";="I2015555";"PP";="CONJ PORTA BATENTE C BRAÇO ARTIC MONT LD ESQ ARM ALOJ GERADOR MONT EXT";="CJ";"1,0000";"0,00";"87169010";"0,00";"0";"0,00"
"5";="I2015555";"PP";="CONJ PORTA BATENTE C BRAÇO ARTIC MONT LD ESQ ARM ALOJ GERADOR MONT EXT";="CJ";="G3006035";"MP";="GONZO 16MM 5/8"" CONF DES";="PC";"2,0000";"3,25";"83021000";"0,00";"0";"0,00"
"5";="I2015555";"PP";="CONJ PORTA BATENTE C BRAÇO ARTIC MONT LD ESQ ARM ALOJ GERADOR MONT EXT";="CJ";="I1044489";"PP";="PORTA BATENTE 2 X 508 X 630 X 29 MM";="PC";"1,0000";"0,00";"87169010";"0,00";"0";"0,00"
"6";="I1044489";"PP";="PORTA BATENTE 2 X 508 X 630 X 29 MM";="PC";="G2005932";"MP";="CHAPA ACO A36 2,00MM";="KG";"6,7000";"3,25";"72085400";"0,00";"5";"0,00"
"5";="I2015555";"PP";="CONJ PORTA BATENTE C BRAÇO ARTIC MONT LD ESQ ARM ALOJ GERADOR MONT EXT";="CJ";="I1044490";"PP";="BORRACHA VEDACAO PORTA BATENTE ARM ALOJ GERADOR MONT EXT LD LE";="PC";"1,0000";"0,00";"87169010";"0,00";"0";"0,00"
"6";="I1044490";"PP";="BORRACHA VEDACAO PORTA BATENTE ARM ALOJ GERADOR MONT EXT LD LE";="PC";="G1009109";"MP";="PERFIL BIELASTOMERO PARA PORTAS";="MT";"1,5660";"0,00";"40169990";"0,00";"0";"0,00"
"5";="I2015555";"PP";="CONJ PORTA BATENTE C BRAÇO ARTIC MONT LD ESQ ARM ALOJ GERADOR MONT EXT";="CJ";="I2013255";"PP";="CONJ BRACO DE MONT INFERIOR PARA PORTA VERTICAL LAT MANTER ABERT";="CJ";"1,0000";"0,00";"87169010";"0,00";"0";"0,00"
"6";="I2013255";"PP";="CONJ BRACO DE MONT INFERIOR PARA PORTA VERTICAL LAT MANTER ABERT";="CJ";="G1005029";"MP";="PO SX AUTO TRAV M8 X 1,25 CL 8 DIN 985 ZB";="PC";"1,0000";"3,25";"73181600";"0,00";"0";"0,00"
"6";="I2013255";"PP";="CONJ BRACO DE MONT INFERIOR PARA PORTA VERTICAL LAT MANTER ABERT";="CJ";="G3004428";"MP";="PF SX FL M8 X 1,25 X 25 CL8.8 DIN6921 ZF";="PC";"1,0000";"3,25";"73181500";"0,00";"0";"0,00"
"6";="I2013255";"PP";="CONJ BRACO DE MONT INFERIOR PARA PORTA VERTICAL LAT MANTER ABERT";="CJ";="I1006833";"PP";="SUPORTE TIRANTE";="PC";"2,0000";"11,70";"87169010";"0,00";"0";"0,00"
"7";="I1006833";"PP";="SUPORTE TIRANTE";="PC";="G2005882";"MP";="CHAPA ACO A36 3,00MM";="KG";"0,0800";"3,25";"72085300";"0,00";"0";"0,00"
"6";="I2013255";"PP";="CONJ BRACO DE MONT INFERIOR PARA PORTA VERTICAL LAT MANTER ABERT";="CJ";="I1038970";"PP";="BRACO DE FIX INFERIOR P/ PORTA LAT 6,35 X 20 X 220";="PC";"1,0000";"0,00";"87169010";"0,00";"0";"0,00"
"7";="I1038970";"PP";="BRACO DE FIX INFERIOR P/ PORTA LAT 6,35 X 20 X 220";="PC";="G2005887";"MP";="CHAPA ACO A36 6,35MM";="KG";"0,2100";"3,25";"72085200";"0,00";"5";"0,00"
"6";="I2013255";"PP";="CONJ BRACO DE MONT INFERIOR PARA PORTA VERTICAL LAT MANTER ABERT";="CJ";="I1038971";"PP";="PINO 7,94 X 15 TRAVAMENTO INFERIOR PARA PORTA LATERAL";="PC";"2,0000";"0,00";"87169010";"0,00";"0";"0,00"
"7";="I1038971";"PP";="PINO 7,94 X 15 TRAVAMENTO INFERIOR PARA PORTA LATERAL";="PC";="G2000064";"MP";="BARRA REDONDA SAE1020 7,93MM LAMINADA";="KG";"0,0200";"5,20";"72283000";"0,00";"3";"0,00"
"3";="I2015597";"PP";="CONJ ARMARIO MONT LAT PALOJ CJ ABAST DIESEL E COMANDO";="CJ";="I2015598";"PP";="CONJ BASE ARM, MONT LAT CHASSI";="CJ";"1,0000";"0,00";"87169010";"0,00";"0";"0,00"
"4";="I2015598";"PP";="CONJ BASE ARM, MONT LAT CHASSI";="CJ";="I1044632";"PP";="PERFIL L AC 4,75 X 50,00 X 56,00 X 750,00 MM BASE ARM, MONT LAT";="PC";"3,0000";"0,00";"87169010";"0,00";"0";"0,00"
"5";="I1044632";"PP";="PERFIL L AC 4,75 X 50,00 X 56,00 X 750,00 MM BASE ARM, MONT LAT";="PC";="G2005887";"MP";="CHAPA ACO A36 6,35MM";="KG";"10,6200";"3,25";"72085200";"0,00";"5";"0,00"
"4";="I2015598";"PP";="CONJ BASE ARM, MONT LAT CHASSI";="CJ";="I1044633";"PP";="PERFIL CARTOLA AC 6,35 X 45,00 X 50,00 X 80,00MM BASE ARM, LAT";="PC";"2,0000";"0,00";"87169010";"0,00";"0";"0,00"
"5";="I1044633";"PP";="PERFIL CARTOLA AC 6,35 X 45,00 X 50,00 X 80,00MM BASE ARM, LAT";="PC";="G2005887";"MP";="CHAPA ACO A36 6,35MM";="KG";"19,1800";"3,25";"72085200";"0,00";"5";"0,00"
"4";="I2015598";"PP";="CONJ BASE ARM, MONT LAT CHASSI";="CJ";="I1044636";"PP";="PERFIL CARTOLA AC 6,35 X 45,00 X 50,00 X 80,00MM BASE ARM LAT";="PC";"2,0000";"0,00";"87169010";"0,00";"0";"0,00"
"5";="I1044636";"PP";="PERFIL CARTOLA AC 6,35 X 45,00 X 50,00 X 80,00MM BASE ARM LAT";="PC";="G2005887";"MP";="CHAPA ACO A36 6,35MM";="KG";"12,8400";"3,25";"72085200";"0,00";"5";"0,00"
"1";="I3001192";"PA";="COMBOIO 10.000L 6 4 1 AGUA 3 RESERV ALTA VAZAO VM 290 6X4R EE 4800 MAN . 2026";="CJ";="I2015606";"PP";="CONJ COMANDO HIDR ACION PNEUM, COM 03 FATIAS E BLOCO USINADO";="CJ";"1,0000";"0,00";"87169010";"0,00";"0";"0,00"
"2";="I2015606";"PP";="CONJ COMANDO HIDR ACION PNEUM, COM 03 FATIAS E BLOCO USINADO";="CJ";="G1002876";"MP";="BUJAO SX INT  AC GALV - G 1/2 14FPP C/ VEDACAO";="PC";"1,0000";"3,25";"73181500";"0,00";"0";"0,00"
"2";="I2015606";"PP";="CONJ COMANDO HIDR ACION PNEUM, COM 03 FATIAS E BLOCO USINADO";="CJ";="G1008467";"MP";="COMANDO HIDRAULICO 3 FATIAS 60L/MIN MANUAL PNEUMATICO BITREM 25/28M3 CONF DES";="PC";"1,0000";"0,00";"84819090";"0,00";"0";"0,00"
"2";="I2015606";"PP";="CONJ COMANDO HIDR ACION PNEUM, COM 03 FATIAS E BLOCO USINADO";="CJ";="G1022048";"MP";="ADAPTADOR RETO MF 1/2"" BSP X 7/8"" JIC";="PC";"7,0000";"0,00";"73071920";"0,00";"0";"0,00"
"2";="I2015606";"PP";="CONJ COMANDO HIDR ACION PNEUM, COM 03 FATIAS E BLOCO USINADO";="CJ";="I1043206";"PP";="PERFIL Z AC 4.75 X 40 X 55 X 40 X 175MM";="PC";"2,0000";"0,00";"87169010";"0,00";"0";"0,00"
"3";="I1043206";"PP";="PERFIL Z AC 4.75 X 40 X 55 X 40 X 175MM";="PC";="G2005931";"MP";="CHAPA ACO A36 4,75MM";="KG";"1,6600";"0,00";"72085200";"0,00";"0";"0,00"
"2";="I2015606";"PP";="CONJ COMANDO HIDR ACION PNEUM, COM 03 FATIAS E BLOCO USINADO";="CJ";="I2013694";"PP";="CONJ FIX PARAF FL M8 X 35 E PORCA FL M8";="CJ";"8,0000";"0,00";"87169090";"0,00";"0";"0,00"
"3";="I2013694";"PP";="CONJ FIX PARAF FL M8 X 35 E PORCA FL M8";="CJ";="G3004344";"MP";="PF SX FL M8 X 1,25 X 35 CL8.8 DIN6921 ZF";="PC";"8,0000";"6,50";"73181500";"0,00";"0";"0,00"
"3";="I2013694";"PP";="CONJ FIX PARAF FL M8 X 35 E PORCA FL M8";="CJ";="G3007835";"MP";="PO SX FL SERRILHADO M8 X 1,25 CL8 DIN6923 MACROCOLT";="PC";"8,0000";"6,50";"73181600";"0,00";"0";"0,00"
"2";="I2015606";"PP";="CONJ COMANDO HIDR ACION PNEUM, COM 03 FATIAS E BLOCO USINADO";="CJ";="I2015098";"PP";="CJ BLOCO 38,1 X 94 X 117,2MM COM ANEIS ORING";="CJ";"1,0000";"0,00";"87169010";"0,00";"0";"0,00"
"3";="I2015098";"PP";="CJ BLOCO 38,1 X 94 X 117,2MM COM ANEIS ORING";="CJ";="G1024104";"MP";="ANEL ORING 29,82 X 2,62MM NBR 70SH REF 2 123 PARKER";="PC";"1,0000";"0,00";"40169300";"0,00";"0";"0,00"
"3";="I2015098";"PP";="CJ BLOCO 38,1 X 94 X 117,2MM COM ANEIS ORING";="CJ";="G1024105";"MP";="ANEL ORING 15,54 X 2,62MM NBR 70SH REF 2 114 PARKER";="PC";"1,0000";"0,00";"40169300";"0,00";"0";"0,00"
"3";="I2015098";"PP";="CJ BLOCO 38,1 X 94 X 117,2MM COM ANEIS ORING";="CJ";="G1024106";"MP";="ANEL ORING 18,72 X 2,62MM NBR 70SH REF 2 116 PARKER";="PC";"2,0000";"0,00";"40169300";"0,00";"0";"0,00"
"3";="I2015098";"PP";="CJ BLOCO 38,1 X 94 X 117,2MM COM ANEIS ORING";="CJ";="I1043097";"PP";="BLOCO 38,1 X 94 X 117,2 MM ACION. PARALELO E SERIE  MOTORES APLIC. COMANDO HIDR. G1008467";="PC";"1,0000";"0,00";"87169010";"0,00";"0";"0,00"
"4";="I1043097";"PP";="BLOCO 38,1 X 94 X 117,2 MM ACION. PARALELO E SERIE  MOTORES APLIC. COMANDO HIDR. G1008467";="PC";="G1008467";"MP";="COMANDO HIDRAULICO 3 FATIAS 60L/MIN MANUAL PNEUMATICO BITREM 25/28M3 CONF DES";="PC";"2,7500";"0,00";"84819090";"0,00";"0";"0,00"
"1";="I3001192";"PA";="COMBOIO 10.000L 6 4 1 AGUA 3 RESERV ALTA VAZAO VM 290 6X4R EE 4800 MAN . 2026";="CJ";="I2015608";"PP";="CONJ CARRETEIS PADRAO WESTROCK";="CJ";"1,0000";"0,00";"87169010";"0,00";"0";"0,00"
"2";="I2015608";"PP";="CONJ CARRETEIS PADRAO WESTROCK";="CJ";="G1005520";"MP";="BICO MANUAL DE ABASTECIMENTO 1"" BSP 150 LPM ALUMINIO  LUPUS 2100 PM";="PC";"2,0000";"0,00";"84818099";"0,00";"0";"0,00"
"2";="I2015608";"PP";="CONJ CARRETEIS PADRAO WESTROCK";="CJ";="G1009212";"MP";="CARRETEL ABERTO 1/4POL P/ GRAXAC/ 15M DE MANG S/ MANGOTE COD BREMEN 3791";="PC";"2,0000";"0,00";"84798999";"0,00";"0";"0,00"
"2";="I2015608";"PP";="CONJ CARRETEIS PADRAO WESTROCK";="CJ";="G1009213";"MP";="VALVULA CONTROLE P/ GRAXA MACHO 1/4 C/ GIRATORIO Z COD BREMEN 8641";="PC";"2,0000";"3,25";"84135090";"0,00";"0";"0,00"
"2";="I2015608";"PP";="CONJ CARRETEIS PADRAO WESTROCK";="CJ";="G1009214";"MP";="CARRETEL ABERTO 1/2POL P/ OLEO C/ 15M DE MANG S/ MANGOTE COD BREMEN 3789";="PC";"4,0000";"3,25";"84798999";"0,00";"0";"0,00"
"2";="I2015608";"PP";="CONJ CARRETEIS PADRAO WESTROCK";="CJ";="G1009219";"MP";="CARRETEL ABERTO 3/4 P/ DIESEL C/ 15M DE MANG PRESSAO 100BAR COD BREMEN 7379";="PC";"2,0000";"0,00";"84798999";"0,00";"0";"0,00"
"2";="I2015608";"PP";="CONJ CARRETEIS PADRAO WESTROCK";="CJ";="G1009228";"MP";="MEDIDOR DIGITAL P/OLEO LUB C/ GATILHO GIRATORIO GOODYEAR COD BREMEN 8915";="PC";"3,0000";"3,25";"90282010";"0,00";"0";"0,00"
"2";="I2015608";"PP";="CONJ CARRETEIS PADRAO WESTROCK";="CJ";="G1012070";"MP";="BLOCO VOLUMETRICO DE PISTAO C/ NUMER 12 150L/MIN 2POL  X 1 1/2POL COD BREMEN 9694";="PC";"1,0000";"3,25";"90282010";"0,00";"1";"0,00"
"2";="I2015608";"PP";="CONJ CARRETEIS PADRAO WESTROCK";="CJ";="G1012071";"MP";="CARRETEL RETRATIL 1"" P/ DIESEL C/ 15M DE MANG COD BREMEN 7381";="PC";"1,0000";"3,25";"84798999";"0,00";"0";"0,00"
"2";="I2015608";"PP";="CONJ CARRETEIS PADRAO WESTROCK";="CJ";="G1012072";"MP";="BICO ABAST AUT 1POL VERMELHO V 120L/M FUNC PESADAS COD BREMEN 1843";="PC";"1,0000";"3,25";"84818099";"0,00";"0";"0,00"
"2";="I2015608";"PP";="CONJ CARRETEIS PADRAO WESTROCK";="CJ";="G3016900";"MP";="COTOVELO 90 FG NBR 6590 F X F 1"" BSP NBR 6943 150LBS";="PC";"1,0000";"0,00";"39174090";"0,00";"0";"0,00"
"2";="I2015608";"PP";="CONJ CARRETEIS PADRAO WESTROCK";="CJ";="I1008709";"PP";="ESPIGAO 1.1/4""";="PC";"1,0000";"6,50";"87169010";"0,00";"0";"0,00"
"3";="I1008709";"PP";="ESPIGAO 1.1/4""";="PC";="G2005798";"MP";="TUBO REDONDO NBR 5590 ANSI B 36.10 SCH40 SEM COSTURA 33,40 X 26,64 X 3,38MM";="KG";"0,1200";"0,00";"73063000";"0,00";"0";"0,00"
"2";="I2015608";"PP";="CONJ CARRETEIS PADRAO WESTROCK";="CJ";="I1008712";"PP";="NIPEL 1"" X ESPIGAO 1.1/4""";="PC";"1,0000";"9,75";"87169010";"0,00";"0";"0,00"
"3";="I1008712";"PP";="NIPEL 1"" X ESPIGAO 1.1/4""";="PC";="G2005798";"MP";="TUBO REDONDO NBR 5590 ANSI B 36.10 SCH40 SEM COSTURA 33,40 X 26,64 X 3,38MM";="KG";"0,1800";"0,00";"73063000";"0,00";"0";"0,00"
"2";="I2015608";"PP";="CONJ CARRETEIS PADRAO WESTROCK";="CJ";="I1008775";"PP";="SUPORTE BICO DE OLEO";="PC";"5,0000";"3,25";"87169010";"0,00";"0";"0,00"
"3";="I1008775";"PP";="SUPORTE BICO DE OLEO";="PC";="G2005931";"MP";="CHAPA ACO A36 4,75MM";="KG";"0,9000";"0,00";"72085200";"0,00";"0";"0,00"
"2";="I2015608";"PP";="CONJ CARRETEIS PADRAO WESTROCK";="CJ";="I1033181";"PP";="FIXACAO CARRETEIS OLEO 50 X 150 X 1410 X 150 X 50 X 300";="PC";"1,0000";"0,00";"87169010";"0,00";"0";"0,00"
"3";="I1033181";"PP";="FIXACAO CARRETEIS OLEO 50 X 150 X 1410 X 150 X 50 X 300";="PC";="G2005882";"MP";="CHAPA ACO A36 3,00MM";="KG";"17,5600";"3,25";"72085300";"0,00";"0";"0,00"
"2";="I2015608";"PP";="CONJ CARRETEIS PADRAO WESTROCK";="CJ";="I1033404";"PP";="FIXACAO CARRETEIS DE DIESEL 50 X 150 X 760 X 150 X 50 X 300";="PC";"1,0000";"0,00";"87169010";"0,00";"0";"0,00"
"3";="I1033404";"PP";="FIXACAO CARRETEIS DE DIESEL 50 X 150 X 760 X 150 X 50 X 300";="PC";="G2005882";"MP";="CHAPA ACO A36 3,00MM";="KG";"11,9700";"3,25";"72085300";"0,00";"0";"0,00"
"2";="I2015608";"PP";="CONJ CARRETEIS PADRAO WESTROCK";="CJ";="I2007529";"PP";="CONJ SUP BICO DE ABASTECIMENTO 264MM";="CJ";"3,0000";"0,00";"87169010";"0,00";"0";"0,00"
"3";="I2007529";"PP";="CONJ SUP BICO DE ABASTECIMENTO 264MM";="CJ";="I1008783";"PP";="CHAPA SUPORTE BICO ABASTECIMENTO";="PC";"3,0000";"3,25";"87169010";"0,00";"0";"0,00"
"4";="I1008783";"PP";="CHAPA SUPORTE BICO ABASTECIMENTO";="PC";="G2005882";"MP";="CHAPA ACO A36 3,00MM";="KG";"2,0100";"3,25";"72085300";"0,00";"0";"0,00"
"3";="I2007529";"PP";="CONJ SUP BICO DE ABASTECIMENTO 264MM";="CJ";="I1008784";"PP";="SUP CADEADO";="PC";"3,0000";"3,25";"87169010";"0,00";"0";"0,00"
"4";="I1008784";"PP";="SUP CADEADO";="PC";="G2005882";"MP";="CHAPA ACO A36 3,00MM";="KG";"0,0600";"3,25";"72085300";"0,00";"0";"0,00"
"3";="I2007529";"PP";="CONJ SUP BICO DE ABASTECIMENTO 264MM";="CJ";="I1024009";"PP";="SUP BICO DIESEL 1 IN GAFOR";="PC";"3,0000";"0,00";"87169010";"0,00";"0";"0,00"
"4";="I1024009";"PP";="SUP BICO DIESEL 1 IN GAFOR";="PC";="G2005946";"MP";="CHAPA ACO A36 3,75MM";="KG";"4,4100";"9,75";"72085200";"0,00";"5";"0,00"
"3";="I2007529";"PP";="CONJ SUP BICO DE ABASTECIMENTO 264MM";="CJ";="I1024011";"PP";="CHAPA 3,75 X 35 X 215 CHANFRO 120 X 25";="PC";"3,0000";"0,00";"87169010";"0,00";"0";"0,00"
"4";="I1024011";"PP";="CHAPA 3,75 X 35 X 215 CHANFRO 120 X 25";="PC";="G2005946";"MP";="CHAPA ACO A36 3,75MM";="KG";"0,5400";"9,75";"72085200";"0,00";"5";"0,00"
"2";="I2015608";"PP";="CONJ CARRETEIS PADRAO WESTROCK";="CJ";="I2011449";"PP";="CONJ MEDIDOR PIUSI ANALOGICO";="CJ";"2,0000";"0,00";"87169010";"0,00";"0";"0,00"
"3";="I2011449";"PP";="CONJ MEDIDOR PIUSI ANALOGICO";="CJ";="G1003572";"MP";="MEDIDOR TOTALIZADOR VOLUMETRICO ANALOGICO 4 DIGITOS REF K44 PIUSI";="PC";"2,0000";"0,00";"90282010";"0,00";"0";"0,00"
"3";="I2011449";"PP";="CONJ MEDIDOR PIUSI ANALOGICO";="CJ";="I1034035";"PP";="ADAPTADOR MACHO 1 NPT X MACHO 1,1/16 JIC";="PC";"4,0000";"0,00";"87169010";"0,00";"0";"0,00"
"4";="I1034035";"PP";="ADAPTADOR MACHO 1 NPT X MACHO 1,1/16 JIC";="PC";="G2000074";"MP";="BARRA REDONDA SAE1020 44,45MM LAMINADA";="KG";"0,8400";"3,25";"72283000";"0,00";"0";"0,00"
"3";="I2011449";"PP";="CONJ MEDIDOR PIUSI ANALOGICO";="CJ";="I1034292";"PP";="PERFIL U DOBR 6 35 X 180 X 195 X 180 X 90 2 DIAM 45";="PC";"2,0000";"0,00";"87169010";"0,00";"0";"0,00"
"4";="I1034292";"PP";="PERFIL U DOBR 6 35 X 180 X 195 X 180 X 90 2 DIAM 45";="PC";="G2005887";"MP";="CHAPA ACO A36 6,35MM";="KG";"4,3200";"3,25";"72085200";"0,00";"5";"0,00"
"2";="I2015608";"PP";="CONJ CARRETEIS PADRAO WESTROCK";="CJ";="I2014538";"PP";="CONJ FIX PARAF FL M10 X 35 01ARRUELA E PORCA AUTO TRAVANTE";="CJ";"45,0000";"0,00";"87169010";"0,00";"0";"0,00"
"3";="I2014538";"PP";="CONJ FIX PARAF FL M10 X 35 01ARRUELA E PORCA AUTO TRAVANTE";="CJ";="G3000951";"MP";="ARRUELA LISA M10 DIN125";="PC";"45,0000";"3,25";"73182100";"0,00";"0";"0,00"
"3";="I2014538";"PP";="CONJ FIX PARAF FL M10 X 35 01ARRUELA E PORCA AUTO TRAVANTE";="CJ";="G3001067";"MP";="PO SX M10 X 1,50 CL8 INS NY AUTO TRAV DIN985 ZF";="PC";"45,0000";"3,25";"73181600";"0,00";"0";"0,00"
"3";="I2014538";"PP";="CONJ FIX PARAF FL M10 X 35 01ARRUELA E PORCA AUTO TRAVANTE";="CJ";="G3007840";"MP";="PF SX FL M10 X 1,50 X 35 CL 8.8 DIN 6921";="PC";"45,0000";"6,50";"73181500";"0,00";"0";"0,00"
"2";="I2015608";"PP";="CONJ CARRETEIS PADRAO WESTROCK";="CJ";="I2015551";"PP";="CONJ FIX PARAF FL M12 X 50 01 ARRUELA E PORCA AUTO TRAVANTE 10,9";="CJ";"8,0000";"0,00";"87169010";"0,00";"0";"0,00"
"3";="I2015551";"PP";="CONJ FIX PARAF FL M12 X 50 01 ARRUELA E PORCA AUTO TRAVANTE 10,9";="CJ";="G3001079";"MP";="PO SX AUT TRAV M12 X 1,75 CL8 DIN985";="PC";"8,0000";"6,50";"73181600";"0,00";"0";"0,00"
"3";="I2015551";"PP";="CONJ FIX PARAF FL M12 X 50 01 ARRUELA E PORCA AUTO TRAVANTE 10,9";="CJ";="G3001126";"MP";="ARRUELA LISA M12 ZB";="PC";"8,0000";"3,25";"73182100";"0,00";"0";"0,00"
"3";="I2015551";"PP";="CONJ FIX PARAF FL M12 X 50 01 ARRUELA E PORCA AUTO TRAVANTE 10,9";="CJ";="G3002567";"MP";="PF SX FL M12 X 1,75 X 50 CL10.9 DIN6921 ZF";="PC";"8,0000";"3,25";"73181500";"0,00";"0";"0,00"
"1";="I3001192";"PA";="COMBOIO 10.000L 6 4 1 AGUA 3 RESERV ALTA VAZAO VM 290 6X4R EE 4800 MAN . 2026";="CJ";="I2015622";"PP";="CONJ CAIXA DE CARGA COMBOIO 10000L COM 06 PONTOS DE ILUM ARM EPI G. CORPO COM PORTAO MOD 2";="CJ";"1,0000";"0,00";"87169010";"0,00";"0";"0,00"
"2";="I2015622";"PP";="CONJ CAIXA DE CARGA COMBOIO 10000L COM 06 PONTOS DE ILUM ARM EPI G. CORPO COM PORTAO MOD 2";="CJ";="I2004130";"PP";="ESCADA COMBOIO 2060";="CJ";"1,0000";"5,00";"87169010";"0,00";"0";"0,00"
"3";="I2004130";"PP";="ESCADA COMBOIO 2060";="CJ";="I1006826";"PP";="EMPALME GUARDA CORPO";="PC";"2,0000";"3,25";"87169010";"0,00";"0";"0,00"
"4";="I1006826";"PP";="EMPALME GUARDA CORPO";="PC";="G2005931";"MP";="CHAPA ACO A36 4,75MM";="KG";"0,3200";"0,00";"72085200";"0,00";"0";"0,00"
"3";="I2004130";"PP";="ESCADA COMBOIO 2060";="CJ";="I1006832";"PP";="PERFIL L 3 X 30 X 30 X 355 2REC R13,5";="PC";"6,0000";"3,25";"87169010";"0,00";"0";"0,00"
"4";="I1006832";"PP";="PERFIL L 3 X 30 X 30 X 355 2REC R13,5";="PC";="G2006183";"MP";="CHAPA ACO XADREZ 3,18MM";="KG";"9,9600";"3,25";"72085200";"0,00";"0";"0,00"
"3";="I2004130";"PP";="ESCADA COMBOIO 2060";="CJ";="I1007395";"PP";="SUPORTE 3 MARIAS";="PC";"1,0000";"9,75";"87169010";"0,00";"0";"0,00"
"4";="I1007395";"PP";="SUPORTE 3 MARIAS";="PC";="G2005932";"MP";="CHAPA ACO A36 2,00MM";="KG";"0,4600";"3,25";"72085400";"0,00";"5";"0,00"
"3";="I2004130";"PP";="ESCADA COMBOIO 2060";="CJ";="I1011649";"PP";="TUBO DIAM26,9 X 2,65 X 377 X 1834 R90";="PC";"2,0000";"3,25";"87169010";"0,00";"0";"0,00"
"4";="I1011649";"PP";="TUBO DIAM26,9 X 2,65 X 377 X 1834 R90";="PC";="G2000380";"MP";="TUBO DIN 2440 NBR5580 26,90 X 21,60 X 2,65MM";="KG";"8,5000";"3,25";"73063000";"0,00";"0";"0,00"
"2";="I2015622";"PP";="CONJ CAIXA DE CARGA COMBOIO 10000L COM 06 PONTOS DE ILUM ARM EPI G. CORPO COM PORTAO MOD 2";="CJ";="I2010993";"PP";="CAIXA DE CARGA 10000L 2COMP 6 E 4 2024";="CJ";"1,0000";"0,00";"87169010";"0,00";"0";"0,00"
"3";="I2010993";"PP";="CAIXA DE CARGA 10000L 2COMP 6 E 4 2024";="CJ";="G1004237";"MP";="INSERT DE COMPRESSAO 10MM";="UN";"6,0000";"3,25";"74122000";"0,00";"0";"0,00"
"3";="I2010993";"PP";="CAIXA DE CARGA 10000L 2COMP 6 E 4 2024";="CJ";="G1005313";"MP";="TELA DE PROTECAO DA VALVULA DE FUNDO FURO 9,5MM";="PC";"2,0000";"0,00";"84283990";"0,00";"0";"0,00"
"3";="I2010993";"PP";="CAIXA DE CARGA 10000L 2COMP 6 E 4 2024";="CJ";="G1006118";"MP";="CONEXAO COTOVELO MACHO C/ PO E ANILHA 10MM X 1/4"" NPT LATAO";="PC";"6,0000";"0,00";"39174090";"0,00";"1";"0,00"
"3";="I2010993";"PP";="CAIXA DE CARGA 10000L 2COMP 6 E 4 2024";="CJ";="G1007509";"MP";="COTOVELO MACHO GIR 1/4 BSP X TB 6MM";="PC";"2,0000";"0,00";"39174090";"0,00";"0";"0,00"
"3";="I2010993";"PP";="CAIXA DE CARGA 10000L 2COMP 6 E 4 2024";="CJ";="G1009087";"MP";="JUNTA VALV API 6"" FURADA NITRILICA - MGN 100373 CONF DES";="PC";"2,0000";"3,25";"40169300";"0,00";"0";"0,00"
"3";="I2010993";"PP";="CAIXA DE CARGA 10000L 2COMP 6 E 4 2024";="CJ";="G1009088";"MP";="JUNTA VALV FUNDO 8"" FURADA NITRILICA MGN 100372";="PC";"2,0000";"3,25";"40169300";"0,00";"0";"0,00"
"3";="I2010993";"PP";="CAIXA DE CARGA 10000L 2COMP 6 E 4 2024";="CJ";="G1009089";"MP";="VALVULA DE FUNDO PNEUMATICA - VITON MGN 201096";="PC";"2,0000";"3,25";"84818094";"0,00";"0";"0,00"
"3";="I2010993";"PP";="CAIXA DE CARGA 10000L 2COMP 6 E 4 2024";="CJ";="G3000951";"MP";="ARRUELA LISA M10 DIN125";="PC";"1,0000";"3,25";"73182100";"0,00";"0";"0,00"
"3";="I2010993";"PP";="CAIXA DE CARGA 10000L 2COMP 6 E 4 2024";="CJ";="G3001009";"MP";="PF SX M10 X 1,50 X 40 CL 8.8 DIN 933 RI ZF";="PC";"20,0000";"3,25";"73181500";"0,00";"0";"0,00"
"3";="I2010993";"PP";="CAIXA DE CARGA 10000L 2COMP 6 E 4 2024";="CJ";="G3001012";"MP";="PO SX M10 X 1,50 CL8 DIN934 ZB";="PC";"20,0000";"3,25";"73181600";"0,00";"0";"0,00"
"3";="I2010993";"PP";="CAIXA DE CARGA 10000L 2COMP 6 E 4 2024";="CJ";="G3011461";"MC";="BUJAO FG NBR 6590 3/4"" BSP NBR 6943 150LBS";="PC";"3,0000";"0,00";"73071990";"0,00";"0";"0,00"
"3";="I2010993";"PP";="CAIXA DE CARGA 10000L 2COMP 6 E 4 2024";="CJ";="I1007325";"PP";="LUVA COM ROSCA 1/4""";="PC";"6,0000";"3,25";"87169010";"0,00";"0";"0,00"
"4";="I1007325";"PP";="LUVA COM ROSCA 1/4""";="PC";="G2000069";"MP";="BARRA REDONDA SAE1020 22,22MM LAMINADA";="KG";"0,2400";"9,75";"72283000";"0,00";"0";"0,00"
"3";="I2010993";"PP";="CAIXA DE CARGA 10000L 2COMP 6 E 4 2024";="CJ";="I1007328";"PP";="LUVA COM ROSCA 3/4""";="PC";"3,0000";"3,25";"87169010";"0,00";"0";"0,00"
"4";="I1007328";"PP";="LUVA COM ROSCA 3/4""";="PC";="G2000073";"MP";="BARRA REDONDA SAE1020 41,27MM LAMINADA";="KG";"0,4800";"3,25";"72283000";"0,00";"0";"0,00"
"3";="I2010993";"PP";="CAIXA DE CARGA 10000L 2COMP 6 E 4 2024";="CJ";="I1007355";"PP";="ANEL DA TAMPA 465 X 90 X 4,75";="PC";"1,0000";"0,00";"87169010";"0,00";"0";"0,00"
"4";="I1007355";"PP";="ANEL DA TAMPA 465 X 90 X 4,75";="PC";="G2005931";"MP";="CHAPA ACO A36 4,75MM";="KG";"4,8500";"0,00";"72085200";"0,00";"0";"0,00"
"3";="I2010993";"PP";="CAIXA DE CARGA 10000L 2COMP 6 E 4 2024";="CJ";="I1007356";"PP";="ANEL DA TAMPA DIAM465 X 90 X 6,35";="PC";"2,0000";"0,00";"87169010";"0,00";"0";"0,00"
"4";="I1007356";"PP";="ANEL DA TAMPA DIAM465 X 90 X 6,35";="PC";="G2005887";"MP";="CHAPA ACO A36 6,35MM";="KG";"12,7400";"3,25";"72085200";"0,00";"5";"0,00"
"3";="I2010993";"PP";="CAIXA DE CARGA 10000L 2COMP 6 E 4 2024";="CJ";="I1007361";"PP";="FLANGE DA TAMPA EXT, 570 X INT, 467 X 4,75";="PC";"1,0000";"3,25";"87169010";"0,00";"0";"0,00"
"4";="I1007361";"PP";="FLANGE DA TAMPA EXT, 570 X INT, 467 X 4,75";="PC";="G2005931";"MP";="CHAPA ACO A36 4,75MM";="KG";"3,0800";"0,00";"72085200";"0,00";"0";"0,00"
"3";="I2010993";"PP";="CAIXA DE CARGA 10000L 2COMP 6 E 4 2024";="CJ";="I1007364";"PP";="GANCHO 150 X 75 X 6,35";="PC";"2,0000";"3,25";"87169010";"0,00";"0";"0,00"
"4";="I1007364";"PP";="GANCHO 150 X 75 X 6,35";="PC";="G2005887";"MP";="CHAPA ACO A36 6,35MM";="KG";"0,6600";"3,25";"72085200";"0,00";"5";"0,00"
"3";="I2010993";"PP";="CAIXA DE CARGA 10000L 2COMP 6 E 4 2024";="CJ";="I1007365";"PP";="EMPALME DO GANCHO";="PC";"2,0000";"3,25";"87169010";"0,00";"0";"0,00"
"4";="I1007365";"PP";="EMPALME DO GANCHO";="PC";="G2005931";"MP";="CHAPA ACO A36 4,75MM";="KG";"1,0800";"0,00";"72085200";"0,00";"0";"0,00"
"3";="I2010993";"PP";="CAIXA DE CARGA 10000L 2COMP 6 E 4 2024";="CJ";="I1008687";"PP";="CHAPA IDENTIFICACAO DO EQUIPAMENTO AISI 304 2,0 X 40 X 130";="PC";"1,0000";"0,00";"87169010";"0,00";"0";"0,00"
"4";="I1008687";"PP";="CHAPA IDENTIFICACAO DO EQUIPAMENTO AISI 304 2,0 X 40 X 130";="PC";="G2000815";"MP";="CHAPA ACO INOX 304 2,00MM";="KG";"0,0800";"3,25";"72085300";"0,00";"0";"0,00"
"3";="I2010993";"PP";="CAIXA DE CARGA 10000L 2COMP 6 E 4 2024";="CJ";="I1008691";"PP";="SELO IDENTIFICACAO CONFORMIDADE 60 X 130";="PC";"1,0000";"3,25";"87169010";"0,00";"0";"0,00"
"4";="I1008691";"PP";="SELO IDENTIFICACAO CONFORMIDADE 60 X 130";="PC";="G2000815";"MP";="CHAPA ACO INOX 304 2,00MM";="KG";"0,1200";"3,25";"72085300";"0,00";"0";"0,00"
"3";="I2010993";"PP";="CAIXA DE CARGA 10000L 2COMP 6 E 4 2024";="CJ";="I1008693";"PP";="SELO IDENTIFICACAO CONFORMIDADE 2,0 X 27 X 170 X 190";="PC";"1,0000";"0,00";"87169010";"0,00";"0";"0,00"
"4";="I1008693";"PP";="SELO IDENTIFICACAO CONFORMIDADE 2,0 X 27 X 170 X 190";="PC";="G2000815";"MP";="CHAPA ACO INOX 304 2,00MM";="KG";"0,5700";"3,25";"72085300";"0,00";"0";"0,00"
"3";="I2010993";"PP";="CAIXA DE CARGA 10000L 2COMP 6 E 4 2024";="CJ";="I1008714";"PP";="NIPLE 1""";="PC";"1,0000";"0,00";"87169010";"0,00";"0";"0,00"
"4";="I1008714";"PP";="NIPLE 1""";="PC";="G2000183";"MP";="TUBO REDONDO NBR 5590 ANSI B 36.10 SCH40 COM COSTURA 33,40 X 26,64 X 3,38MM";="KG";"0,1300";"3,25";"73063000";"0,00";"0";"0,00"
"3";="I2010993";"PP";="CAIXA DE CARGA 10000L 2COMP 6 E 4 2024";="CJ";="I1011607";"PP";="TETO CAIXA DE CARGA 1020 X 905";="PC";"1,0000";"3,25";"87169010";"0,00";"0";"0,00"
"4";="I1011607";"PP";="TETO CAIXA DE CARGA 1020 X 905";="PC";="G2005931";"MP";="CHAPA ACO A36 4,75MM";="KG";"34,4200";"0,00";"72085200";"0,00";"0";"0,00"
"3";="I2010993";"PP";="CAIXA DE CARGA 10000L 2COMP 6 E 4 2024";="CJ";="I1014068";"PP";="CANTONEIRA 4,75 X 50 X 40 X 1600";="PC";"1,0000";"0,00";"87169010";"0,00";"0";"0,00"
"4";="I1014068";"PP";="CANTONEIRA 4,75 X 50 X 40 X 1600";="PC";="G2005931";"MP";="CHAPA ACO A36 4,75MM";="KG";"4,9000";"0,00";"72085200";"0,00";"0";"0,00"
"3";="I2010993";"PP";="CAIXA DE CARGA 10000L 2COMP 6 E 4 2024";="CJ";="I1019430";"PP";="PERFIL L 4,75 X 52 X 1646 X 2990 COM FRISO DIR";="PC";"1,0000";"0,00";"87169010";"0,00";"0";"0,00"
"4";="I1019430";"PP";="PERFIL L 4,75 X 52 X 1646 X 2990 COM FRISO DIR";="PC";="G2005931";"MP";="CHAPA ACO A36 4,75MM";="KG";"224,4900";"0,00";"72085200";"0,00";"0";"0,00"
"3";="I2010993";"PP";="CAIXA DE CARGA 10000L 2COMP 6 E 4 2024";="CJ";="I1019442";"PP";="TETO CX CARGA 4,75 X 5990,00 X 905,00 3 FURO DIAM 467 330";="PC";"1,0000";"0,00";"87169010";"0,00";"0";"0,00"
"4";="I1019442";"PP";="TETO CX CARGA 4,75 X 5990,00 X 905,00 3 FURO DIAM 467 330";="PC";="G2005931";"MP";="CHAPA ACO A36 4,75MM";="KG";"182,9700";"0,00";"72085200";"0,00";"0";"0,00"
"3";="I2010993";"PP";="CAIXA DE CARGA 10000L 2COMP 6 E 4 2024";="CJ";="I1019444";"PP";="PERFIL L 4,75 X 52 X 1646 X 2990 COM FRISO ESQ";="PC";"1,0000";"0,00";"87169010";"0,00";"0";"0,00"
"4";="I1019444";"PP";="PERFIL L 4,75 X 52 X 1646 X 2990 COM FRISO ESQ";="PC";="G2005931";"MP";="CHAPA ACO A36 4,75MM";="KG";"224,4900";"0,00";"72085200";"0,00";"0";"0,00"
"3";="I2010993";"PP";="CAIXA DE CARGA 10000L 2COMP 6 E 4 2024";="CJ";="I1020786";"PP";="PERFIL L 4,75 X 52 X 1646 X 2990 COM FRISO DIR";="PC";"1,0000";"0,00";"87169010";"0,00";"0";"0,00"
"4";="I1020786";"PP";="PERFIL L 4,75 X 52 X 1646 X 2990 COM FRISO DIR";="PC";="G2005931";"MP";="CHAPA ACO A36 4,75MM";="KG";"224,3800";"0,00";"72085200";"0,00";"0";"0,00"
"3";="I2010993";"PP";="CAIXA DE CARGA 10000L 2COMP 6 E 4 2024";="CJ";="I1020897";"PP";="ABRACADEIRA 75 X 2,5""";="PC";"4,0000";"0,00";"87169010";"0,00";"0";"0,00"
"4";="I1020897";"PP";="ABRACADEIRA 75 X 2,5""";="PC";="G2005931";"MP";="CHAPA ACO A36 4,75MM";="KG";"1,0000";"0,00";"72085200";"0,00";"0";"0,00"
"3";="I2010993";"PP";="CAIXA DE CARGA 10000L 2COMP 6 E 4 2024";="CJ";="I1030256";"PP";="PERFIL U ASTM A36 ACO X 70 X 1023 X 5670 REC 2DIAM230";="PC";"1,0000";"0,00";"87169010";"0,00";"0";"0,00"
"4";="I1030256";"PP";="PERFIL U ASTM A36 ACO X 70 X 1023 X 5670 REC 2DIAM230";="PC";="G2005887";"MP";="CHAPA ACO A36 6,35MM";="KG";"324,9400";"3,25";"72085200";"0,00";"5";"0,00"
"3";="I2010993";"PP";="CAIXA DE CARGA 10000L 2COMP 6 E 4 2024";="CJ";="I1030258";"PP";="TAMPA DIVISORIA 4,75 X 998,00 X 1670,00 COM FRISO";="PC";"5,0000";"0,00";"87169010";"0,00";"0";"0,00"
"4";="I1030258";"PP";="TAMPA DIVISORIA 4,75 X 998,00 X 1670,00 COM FRISO";="PC";="G2005931";"MP";="CHAPA ACO A36 4,75MM";="KG";"333,4000";"0,00";"72085200";"0,00";"0";"0,00"
"3";="I2010993";"PP";="CAIXA DE CARGA 10000L 2COMP 6 E 4 2024";="CJ";="I1030259";"PP";="QUEBRA ONDA 4,75 X 1650,00 X 997,00 2 FRISO";="PC";"6,0000";"0,00";"87169010";"0,00";"0";"0,00"
"4";="I1030259";"PP";="QUEBRA ONDA 4,75 X 1650,00 X 997,00 2 FRISO";="PC";="G2005931";"MP";="CHAPA ACO A36 4,75MM";="KG";"348,1200";"0,00";"72085200";"0,00";"0";"0,00"
"3";="I2010993";"PP";="CAIXA DE CARGA 10000L 2COMP 6 E 4 2024";="CJ";="I1030260";"PP";="LATERAL 4,75 X 1646,00 X 3523,00 COM FRISO";="PC";"1,0000";"0,00";"87169010";"0,00";"0";"0,00"
"4";="I1030260";"PP";="LATERAL 4,75 X 1646,00 X 3523,00 COM FRISO";="PC";="G2005931";"MP";="CHAPA ACO A36 4,75MM";="KG";"224,3200";"0,00";"72085200";"0,00";"0";"0,00"
"3";="I2010993";"PP";="CAIXA DE CARGA 10000L 2COMP 6 E 4 2024";="CJ";="I1030261";"PP";="VISOR DE NIVEL TANQUE 1515MM";="PC";"3,0000";"0,00";"87169010";"0,00";"0";"0,00"
"4";="I1030261";"PP";="VISOR DE NIVEL TANQUE 1515MM";="PC";="G3006610";"MP";="MANGUEIRA NIVEL SILICONADA M10";="MT";"4,5450";"3,25";"39173900";"0,00";"0";"0,00"
"3";="I2010993";"PP";="CAIXA DE CARGA 10000L 2COMP 6 E 4 2024";="CJ";="I1030262";"PP";="CANTONEIRA 4,75 X 50 X 40 X 3960";="PC";"1,0000";"0,00";"87169010";"0,00";"0";"0,00"
"4";="I1030262";"PP";="CANTONEIRA 4,75 X 50 X 40 X 3960";="PC";="G2005931";"MP";="CHAPA ACO A36 4,75MM";="KG";"12,1100";"0,00";"72085200";"0,00";"0";"0,00"
"3";="I2010993";"PP";="CAIXA DE CARGA 10000L 2COMP 6 E 4 2024";="CJ";="I1030283";"PP";="FLANGE API 7,9 X 175 X DIAM INT 77";="PC";"2,0000";"0,00";"87169010";"0,00";"0";"0,00"
"4";="I1030283";"PP";="FLANGE API 7,9 X 175 X DIAM INT 77";="PC";="G2005883";"MP";="CHAPA ACO A36 7,94MM";="KG";"2,2800";"0,00";"72085200";"0,00";"0";"0,00"
"3";="I2010993";"PP";="CAIXA DE CARGA 10000L 2COMP 6 E 4 2024";="CJ";="I1030284";"PP";="TUBO RED 76 X 3,35 X 670 COM ESPIGAO";="PC";"1,0000";"0,00";"87169010";"0,00";"0";"0,00"
"4";="I1030284";"PP";="TUBO RED 76 X 3,35 X 670 COM ESPIGAO";="PC";="G2005693";"MP";="TUBO DIN 2440 NBR5580 76,10 X 69,40 X 3,35MM";="KG";"3,8500";"0,00";"73063000";"0,00";"0";"0,00"
"3";="I2010993";"PP";="CAIXA DE CARGA 10000L 2COMP 6 E 4 2024";="CJ";="I1030285";"PP";="TUBO RED DIAM DIAM 76,20 X 3,35 X 800,00 REC 45 GRAUS";="PC";"1,0000";"0,00";"87169010";"0,00";"0";"0,00"
"4";="I1030285";"PP";="TUBO RED DIAM DIAM 76,20 X 3,35 X 800,00 REC 45 GRAUS";="PC";="G2005693";"MP";="TUBO DIN 2440 NBR5580 76,10 X 69,40 X 3,35MM";="KG";"4,6400";"0,00";"73063000";"0,00";"0";"0,00"
"3";="I2010993";"PP";="CAIXA DE CARGA 10000L 2COMP 6 E 4 2024";="CJ";="I1030286";"PP";="TUBO RED DIAM 76,20 X 3,35 X 970,00 REC 45 GRAUS";="PC";"1,0000";"0,00";"87169010";"0,00";"0";"0,00"
"4";="I1030286";"PP";="TUBO RED DIAM 76,20 X 3,35 X 970,00 REC 45 GRAUS";="PC";="G2005693";"MP";="TUBO DIN 2440 NBR5580 76,10 X 69,40 X 3,35MM";="KG";"5,6100";"0,00";"73063000";"0,00";"0";"0,00"
"3";="I2010993";"PP";="CAIXA DE CARGA 10000L 2COMP 6 E 4 2024";="CJ";="I1030287";"PP";="FLANGE PORTINHOLA 6,35 X 150,00 X 150,00 DIAM 77,00";="PC";"2,0000";"0,00";"87169010";"0,00";"0";"0,00"
"4";="I1030287";"PP";="FLANGE PORTINHOLA 6,35 X 150,00 X 150,00 DIAM 77,00";="PC";="G2005887";"MP";="CHAPA ACO A36 6,35MM";="KG";"1,7400";"3,25";"72085200";"0,00";"5";"0,00"
"3";="I2010993";"PP";="CAIXA DE CARGA 10000L 2COMP 6 E 4 2024";="CJ";="I1035963";"PP";="PERFIL U ASTM A36 ACO X 70 X 1023 X 1360 REC  2DIAM 230";="PC";"1,0000";"0,00";"87169010";"0,00";"0";"0,00"
"4";="I1035963";"PP";="PERFIL U ASTM A36 ACO X 70 X 1023 X 1360 REC  2DIAM 230";="PC";="G2005887";"MP";="CHAPA ACO A36 6,35MM";="KG";"78,2900";"3,25";"72085200";"0,00";"5";"0,00"
"3";="I2010993";"PP";="CAIXA DE CARGA 10000L 2COMP 6 E 4 2024";="CJ";="I2003175";"PP";="PROTECAO TOMBAMENTO";="CJ";"3,0000";"0,00";"87169010";"0,00";"0";"0,00"
"4";="I2003175";"PP";="PROTECAO TOMBAMENTO";="CJ";="I1007357";"PP";="TAMPA PERFIL PROTETOR 230,00 X 200,00";="PC";"6,0000";"3,25";"87169010";"0,00";"0";"0,00"
"5";="I1007357";"PP";="TAMPA PERFIL PROTETOR 230,00 X 200,00";="PC";="G2005931";"MP";="CHAPA ACO A36 4,75MM";="KG";"7,2000";"0,00";"72085200";"0,00";"0";"0,00"
"4";="I2003175";"PP";="PROTECAO TOMBAMENTO";="CJ";="I1007358";"PP";="PERFIL PROTETOR 450,00 X 230,00";="PC";"3,0000";"3,25";"87169010";"0,00";"0";"0,00"
"5";="I1007358";"PP";="PERFIL PROTETOR 450,00 X 230,00";="PC";="G2005931";"MP";="CHAPA ACO A36 4,75MM";="KG";"18,2100";"0,00";"72085200";"0,00";"0";"0,00"
"4";="I2003175";"PP";="PROTECAO TOMBAMENTO";="CJ";="I1007366";"PP";="EMPALME PROTETOR";="PC";"3,0000";"3,25";"87169010";"0,00";"0";"0,00"
"5";="I1007366";"PP";="EMPALME PROTETOR";="PC";="G2005931";"MP";="CHAPA ACO A36 4,75MM";="KG";"10,3800";"0,00";"72085200";"0,00";"0";"0,00"
"3";="I2010993";"PP";="CAIXA DE CARGA 10000L 2COMP 6 E 4 2024";="CJ";="I2004105";"PP";="FLANGE DE FIXACAO VALVULA DE FUNDO";="CJ";"2,0000";"5,20";"87169010";"0,00";"0";"0,00"
"4";="I2004105";"PP";="FLANGE DE FIXACAO VALVULA DE FUNDO";="CJ";="G1009243";"MP";="PF SX M14 X 2,00 X 50 CL 8.8 DIN 933 RI ZF";="PC";"16,0000";"9,75";"73181500";"0,00";"0";"0,00"
"4";="I2004105";"PP";="FLANGE DE FIXACAO VALVULA DE FUNDO";="CJ";="G3000312";"MP";="PO SX M14X2,00 CL8 DIN934 ZF";="PC";"16,0000";"3,25";"73181600";"0,00";"8";"0,00"
"4";="I2004105";"PP";="FLANGE DE FIXACAO VALVULA DE FUNDO";="CJ";="I1007368";"PP";="FLANGE VF EXT. 230 X INT. 142";="PC";"2,0000";"3,25";"87169010";"0,00";"0";"0,00"
"5";="I1007368";"PP";="FLANGE VF EXT. 230 X INT. 142";="PC";="G2005883";"MP";="CHAPA ACO A36 7,94MM";="KG";"3,0200";"0,00";"72085200";"0,00";"0";"0,00"
"2";="I2015622";"PP";="CONJ CAIXA DE CARGA COMBOIO 10000L COM 06 PONTOS DE ILUM ARM EPI G. CORPO COM PORTAO MOD 2";="CJ";="I2013298";"PP";="CHASSI COMBOIO 10000 L 6 RESERVATORIOS 2025";="CJ";"1,0000";"0,00";"87169010";"0,00";"0";"0,00"
"3";="I2013298";"PP";="CHASSI COMBOIO 10000 L 6 RESERVATORIOS 2025";="CJ";="I1007382";"PP";="PASSA CABOS";="PC";"4,0000";"3,25";"87169010";"0,00";"0";"0,00"
"4";="I1007382";"PP";="PASSA CABOS";="PC";="G2005931";"MP";="CHAPA ACO A36 4,75MM";="KG";"0,9200";"0,00";"72085200";"0,00";"0";"0,00"
"3";="I2013298";"PP";="CHASSI COMBOIO 10000 L 6 RESERVATORIOS 2025";="CJ";="I1019456";"PP";="LONGARINA U LD 70 X 230 X 85 X 55 X 3700";="PC";"1,0000";"0,00";"87169010";"0,00";"0";"0,00"
"4";="I1019456";"PP";="LONGARINA U LD 70 X 230 X 85 X 55 X 3700";="PC";="G2005887";"MP";="CHAPA ACO A36 6,35MM";="KG";"76,0800";"3,25";"72085200";"0,00";"5";"0,00"
"3";="I2013298";"PP";="CHASSI COMBOIO 10000 L 6 RESERVATORIOS 2025";="CJ";="I1019457";"PP";="LONGARINA U LE 70 X 230 X 85 X 55 X 3550";="PC";"2,0000";"0,00";"87169010";"0,00";"0";"0,00"
"4";="I1019457";"PP";="LONGARINA U LE 70 X 230 X 85 X 55 X 3550";="PC";="G2005887";"MP";="CHAPA ACO A36 6,35MM";="KG";"152,8400";"3,25";"72085200";"0,00";"5";"0,00"
"3";="I2013298";"PP";="CHASSI COMBOIO 10000 L 6 RESERVATORIOS 2025";="CJ";="I1019459";"PP";="MAO FRANC 4,75 X 150 X 60 X 760 LD 1R 82";="PC";"5,0000";"0,00";"87169010";"0,00";"0";"0,00"
"4";="I1019459";"PP";="MAO FRANC 4,75 X 150 X 60 X 760 LD 1R 82";="PC";="G2005931";"MP";="CHAPA ACO A36 4,75MM";="KG";"20,7500";"0,00";"72085200";"0,00";"0";"0,00"
"3";="I2013298";"PP";="CHASSI COMBOIO 10000 L 6 RESERVATORIOS 2025";="CJ";="I1023689";"PP";="CANTONEIRA LAM 50 X 50 X 4090 6REC 950 LD";="PC";"2,0000";"0,00";"87169010";"0,00";"0";"0,00"
"4";="I1023689";"PP";="CANTONEIRA LAM 50 X 50 X 4090 6REC 950 LD";="PC";="G2005931";"MP";="CHAPA ACO A36 4,75MM";="KG";"27,3200";"0,00";"72085200";"0,00";"0";"0,00"
"3";="I2013298";"PP";="CHASSI COMBOIO 10000 L 6 RESERVATORIOS 2025";="CJ";="I1030282";"PP";="PERFIL U 4,75 X 70 X 70 X 217,5 X 870 FURA DIAM 28";="PC";"8,0000";"0,00";"87169010";"0,00";"0";"0,00"
"4";="I1030282";"PP";="PERFIL U 4,75 X 70 X 70 X 217,5 X 870 FURA DIAM 28";="PC";="G2005931";"MP";="CHAPA ACO A36 4,75MM";="KG";"83,2800";"0,00";"72085200";"0,00";"0";"0,00"
"3";="I2013298";"PP";="CHASSI COMBOIO 10000 L 6 RESERVATORIOS 2025";="CJ";="I1030288";"PP";="PERFIL U 4,75 X 55 X 55 X 219 X 870 OBL";="PC";"1,0000";"0,00";"87169010";"0,00";"0";"0,00"
"4";="I1030288";"PP";="PERFIL U 4,75 X 55 X 55 X 219 X 870 OBL";="PC";="G2005931";"MP";="CHAPA ACO A36 4,75MM";="KG";"8,9900";"0,00";"72085200";"0,00";"0";"0,00"
"3";="I2013298";"PP";="CHASSI COMBOIO 10000 L 6 RESERVATORIOS 2025";="CJ";="I1030298";"PP";="CHAPA REF CENTRAL TRAVESSA 4,75 X 145,50 X 105 R52,50";="PC";"1,0000";"0,00";"87169010";"0,00";"0";"0,00"
"4";="I1030298";"PP";="CHAPA REF CENTRAL TRAVESSA 4,75 X 145,50 X 105 R52,50";="PC";="G2005931";"MP";="CHAPA ACO A36 4,75MM";="KG";"0,8900";"0,00";"72085200";"0,00";"0";"0,00"
"3";="I2013298";"PP";="CHASSI COMBOIO 10000 L 6 RESERVATORIOS 2025";="CJ";="I1030299";"PP";="LONGARINA 6,35 X 55 X 85 X 230 X 70 X 3700 REC LM";="PC";"1,0000";"0,00";"87169010";"0,00";"0";"0,00"
"4";="I1030299";"PP";="LONGARINA 6,35 X 55 X 85 X 230 X 70 X 3700 REC LM";="PC";="G2005887";"MP";="CHAPA ACO A36 6,35MM";="KG";"75,5200";"3,25";"72085200";"0,00";"5";"0,00"
"3";="I2013298";"PP";="CHASSI COMBOIO 10000 L 6 RESERVATORIOS 2025";="CJ";="I1030357";"PP";="MAO FRANC 4,75 X 150 X 60 X 760 LE 3R 82";="PC";"10,0000";"0,00";"87169010";"0,00";"0";"0,00"
"4";="I1030357";"PP";="MAO FRANC 4,75 X 150 X 60 X 760 LE 3R 82";="PC";="G2005931";"MP";="CHAPA ACO A36 4,75MM";="KG";"38,4000";"0,00";"72085200";"0,00";"0";"0,00"
"3";="I2013298";"PP";="CHASSI COMBOIO 10000 L 6 RESERVATORIOS 2025";="CJ";="I1030358";"PP";="MAO FRANC 150 X 60 X 760 LD 3R 82";="PC";"6,0000";"0,00";"87169010";"0,00";"0";"0,00"
"4";="I1030358";"PP";="MAO FRANC 150 X 60 X 760 LD 3R 82";="PC";="G2005931";"MP";="CHAPA ACO A36 4,75MM";="KG";"23,4600";"0,00";"72085200";"0,00";"0";"0,00"
"3";="I2013298";"PP";="CHASSI COMBOIO 10000 L 6 RESERVATORIOS 2025";="CJ";="I1037600";"PP";="CHAPA 4,75 X 110 X 100 X 60";="PC";"2,0000";"0,00";"87169010";"0,00";"0";"0,00"
"4";="I1037600";"PP";="CHAPA 4,75 X 110 X 100 X 60";="PC";="G2005931";"MP";="CHAPA ACO A36 4,75MM";="KG";"0,6200";"0,00";"72085200";"0,00";"0";"0,00"
"3";="I2013298";"PP";="CHASSI COMBOIO 10000 L 6 RESERVATORIOS 2025";="CJ";="I1039077";"PP";="CANTONEIRA 4,75 X 50,00 X 50,00 X 3990,00 8DIAM14,00";="PC";"2,0000";"0,00";"87169010";"0,00";"0";"0,00"
"4";="I1039077";"PP";="CANTONEIRA 4,75 X 50,00 X 50,00 X 3990,00 8DIAM14,00";="PC";="G2005931";"MP";="CHAPA ACO A36 4,75MM";="KG";"27,2800";"0,00";"72085200";"0,00";"0";"0,00"
"3";="I2013298";"PP";="CHASSI COMBOIO 10000 L 6 RESERVATORIOS 2025";="CJ";="I1039081";"PP";="CANTONEIRA 4,75 X 50,00 X 50,00 X 3055,00 4REC";="PC";"2,0000";"0,00";"87169010";"0,00";"0";"0,00"
"4";="I1039081";"PP";="CANTONEIRA 4,75 X 50,00 X 50,00 X 3055,00 4REC";="PC";="G2005931";"MP";="CHAPA ACO A36 4,75MM";="KG";"20,3400";"0,00";"72085200";"0,00";"0";"0,00"
"3";="I2013298";"PP";="CHASSI COMBOIO 10000 L 6 RESERVATORIOS 2025";="CJ";="I1039411";"PP";="PERFIL U 4,75 X 70,00 X 70,00 X 150,00 X 870,00";="PC";"1,0000";"0,00";"87169010";"0,00";"0";"0,00"
"4";="I1039411";"PP";="PERFIL U 4,75 X 70,00 X 70,00 X 150,00 X 870,00";="PC";="G2005931";"MP";="CHAPA ACO A36 4,75MM";="KG";"8,2600";"0,00";"72085200";"0,00";"0";"0,00"
"3";="I2013298";"PP";="CHASSI COMBOIO 10000 L 6 RESERVATORIOS 2025";="CJ";="I1044225";"PP";="PERFIL L AC 4,75 X 50,00 X 50,00 X 552,00MM REF INF CHASSI";="PC";"2,0000";"0,00";"87169010";"0,00";"0";"0,00"
"4";="I1044225";"PP";="PERFIL L AC 4,75 X 50,00 X 50,00 X 552,00MM REF INF CHASSI";="PC";="G2005931";"MP";="CHAPA ACO A36 4,75MM";="KG";"3,5800";"0,00";"72085200";"0,00";"0";"0,00"
"3";="I2013298";"PP";="CHASSI COMBOIO 10000 L 6 RESERVATORIOS 2025";="CJ";="I1044226";"PP";="PERFIL L AC 4,75 X 50,00 X 50,00 X 522,00MM REF INF CHASSI";="PC";"2,0000";"0,00";"87169010";"0,00";"0";"0,00"
"4";="I1044226";"PP";="PERFIL L AC 4,75 X 50,00 X 50,00 X 522,00MM REF INF CHASSI";="PC";="G2005931";"MP";="CHAPA ACO A36 4,75MM";="KG";"3,3800";"0,00";"72085200";"0,00";"0";"0,00"
"2";="I2015622";"PP";="CONJ CAIXA DE CARGA COMBOIO 10000L COM 06 PONTOS DE ILUM ARM EPI G. CORPO COM PORTAO MOD 2";="CJ";="I2015623";"PP";="CONJ LATERAIS COMBOIO 10000L 2COMP VEICULO 6 X 4 S SUP GRAXA 170KG COM ARM EPI MOD 2026";="CJ";"1,0000";"0,00";"87169010";"0,00";"0";"0,00"
"3";="I2015623";"PP";="CONJ LATERAIS COMBOIO 10000L 2COMP VEICULO 6 X 4 S SUP GRAXA 170KG COM ARM EPI MOD 2026";="CJ";="G1009160";"MP";="PONTO DE ATERRAMENTO MGN 101056";="PC";"4,0000";"3,25";"76169900";"0,00";"0";"0,00"
"3";="I2015623";"PP";="CONJ LATERAIS COMBOIO 10000L 2COMP VEICULO 6 X 4 S SUP GRAXA 170KG COM ARM EPI MOD 2026";="CJ";="G1011097";"MP";="PO BORBOLETA - M8 -1,25 MA ZINCADA";="PC";"2,0000";"3,25";"79070090";"0,00";"0";"0,00"
"3";="I2015623";"PP";="CONJ LATERAIS COMBOIO 10000L 2COMP VEICULO 6 X 4 S SUP GRAXA 170KG COM ARM EPI MOD 2026";="CJ";="G3000214";"MP";="PF SX M8 X 1,25 X 25 CL 8.8 DIN 933 RI ZF";="PC";"2,0000";"3,25";"73181500";"0,00";"0";"0,00"
"3";="I2015623";"PP";="CONJ LATERAIS COMBOIO 10000L 2COMP VEICULO 6 X 4 S SUP GRAXA 170KG COM ARM EPI MOD 2026";="CJ";="G3006035";"MP";="GONZO 16MM 5/8"" CONF DES";="PC";"4,0000";"3,25";"83021000";"0,00";"0";"0,00"
"3";="I2015623";"PP";="CONJ LATERAIS COMBOIO 10000L 2COMP VEICULO 6 X 4 S SUP GRAXA 170KG COM ARM EPI MOD 2026";="CJ";="I1007341";"PP";="PERFIL CARTOLA 35 X 43 X 55 X 43 X 35 X 1372";="PC";"8,0000";"3,25";"87169010";"0,00";"0";"0,00"
"4";="I1007341";"PP";="PERFIL CARTOLA 35 X 43 X 55 X 43 X 35 X 1372";="PC";="G2005932";"MP";="CHAPA ACO A36 2,00MM";="KG";"34,4800";"3,25";"72085400";"0,00";"5";"0,00"
"3";="I2015623";"PP";="CONJ LATERAIS COMBOIO 10000L 2COMP VEICULO 6 X 4 S SUP GRAXA 170KG COM ARM EPI MOD 2026";="CJ";="I1007374";"PP";="PARALAMA ESQUERDO";="PC";"2,0000";"3,25";"87169010";"0,00";"0";"0,00"
"4";="I1007374";"PP";="PARALAMA ESQUERDO";="PC";="G2005932";"MP";="CHAPA ACO A36 2,00MM";="KG";"11,5800";"3,25";"72085400";"0,00";"5";"0,00"
"3";="I2015623";"PP";="CONJ LATERAIS COMBOIO 10000L 2COMP VEICULO 6 X 4 S SUP GRAXA 170KG COM ARM EPI MOD 2026";="CJ";="I1007375";"PP";="PARALAMA DIREITO";="PC";"2,0000";"3,25";"87169010";"0,00";"0";"0,00"
"4";="I1007375";"PP";="PARALAMA DIREITO";="PC";="G2005932";"MP";="CHAPA ACO A36 2,00MM";="KG";"11,6400";"3,25";"72085400";"0,00";"5";"0,00"
"3";="I2015623";"PP";="CONJ LATERAIS COMBOIO 10000L 2COMP VEICULO 6 X 4 S SUP GRAXA 170KG COM ARM EPI MOD 2026";="CJ";="I1007393";"PP";="SUP LANTERNA LAT 2 X 95 X 97";="PC";"6,0000";"3,25";"87169010";"0,00";"0";"0,00"
"4";="I1007393";"PP";="SUP LANTERNA LAT 2 X 95 X 97";="PC";="G2005932";"MP";="CHAPA ACO A36 2,00MM";="KG";"0,7200";"3,25";"72085400";"0,00";"5";"0,00"
"3";="I2015623";"PP";="CONJ LATERAIS COMBOIO 10000L 2COMP VEICULO 6 X 4 S SUP GRAXA 170KG COM ARM EPI MOD 2026";="CJ";="I1007394";"PP";="PROTECAO ANTI FURTO LANTERNAS";="PC";"6,0000";"3,25";"87169010";"0,00";"0";"0,00"
"4";="I1007394";"PP";="PROTECAO ANTI FURTO LANTERNAS";="PC";="G2005932";"MP";="CHAPA ACO A36 2,00MM";="KG";"1,1400";"3,25";"72085400";"0,00";"5";"0,00"
"3";="I2015623";"PP";="CONJ LATERAIS COMBOIO 10000L 2COMP VEICULO 6 X 4 S SUP GRAXA 170KG COM ARM EPI MOD 2026";="CJ";="I1009137";"PP";="SUPORTE 2 PLACAS PP COMBOIO";="PC";"1,0000";"3,25";"87169010";"0,00";"0";"0,00"
"4";="I1009137";"PP";="SUPORTE 2 PLACAS PP COMBOIO";="PC";="G2005882";"MP";="CHAPA ACO A36 3,00MM";="KG";"1,2000";"3,25";"72085300";"0,00";"0";"0,00"
"3";="I2015623";"PP";="CONJ LATERAIS COMBOIO 10000L 2COMP VEICULO 6 X 4 S SUP GRAXA 170KG COM ARM EPI MOD 2026";="CJ";="I1009670";"PP";="PERFIL 2 X 41 X 652 X 180 ANG55 2REC";="PC";"1,0000";"3,25";"87169010";"0,00";"0";"0,00"
"4";="I1009670";"PP";="PERFIL 2 X 41 X 652 X 180 ANG55 2REC";="PC";="G2005882";"MP";="CHAPA ACO A36 3,00MM";="KG";"2,4000";"3,25";"72085300";"0,00";"0";"0,00"
"3";="I2015623";"PP";="CONJ LATERAIS COMBOIO 10000L 2COMP VEICULO 6 X 4 S SUP GRAXA 170KG COM ARM EPI MOD 2026";="CJ";="I1011583";"PP";="PERFIL U 3 X 50 X 52 X 280 4DIAM11";="PC";"6,0000";"3,25";"87169010";"0,00";"0";"0,00"
"4";="I1011583";"PP";="PERFIL U 3 X 50 X 52 X 280 4DIAM11";="PC";="G2005882";"MP";="CHAPA ACO A36 3,00MM";="KG";"5,5200";"3,25";"72085300";"0,00";"0";"0,00"
"3";="I2015623";"PP";="CONJ LATERAIS COMBOIO 10000L 2COMP VEICULO 6 X 4 S SUP GRAXA 170KG COM ARM EPI MOD 2026";="CJ";="I1011589";"PP";="REFORCO INTERNO 763 X 40";="PC";"15,0000";"3,25";"87169010";"0,00";"0";"0,00"
"4";="I1011589";"PP";="REFORCO INTERNO 763 X 40";="PC";="G2005882";"MP";="CHAPA ACO A36 3,00MM";="KG";"10,7700";"3,25";"72085300";"0,00";"0";"0,00"
"3";="I2015623";"PP";="CONJ LATERAIS COMBOIO 10000L 2COMP VEICULO 6 X 4 S SUP GRAXA 170KG COM ARM EPI MOD 2026";="CJ";="I1011628";"PP";="FECHAMENTO 48,21 X 14,00";="PC";"24,0000";"6,50";"87169010";"0,00";"0";"0,00"
"4";="I1011628";"PP";="FECHAMENTO 48,21 X 14,00";="PC";="G2005932";"MP";="CHAPA ACO A36 2,00MM";="KG";"0,2400";"3,25";"72085400";"0,00";"5";"0,00"
"3";="I2015623";"PP";="CONJ LATERAIS COMBOIO 10000L 2COMP VEICULO 6 X 4 S SUP GRAXA 170KG COM ARM EPI MOD 2026";="CJ";="I1011757";"PP";="PERFIL L 45 X 45 X 685";="PC";"1,0000";"3,25";"87169010";"0,00";"0";"0,00"
"4";="I1011757";"PP";="PERFIL L 45 X 45 X 685";="PC";="G2005882";"MP";="CHAPA ACO A36 3,00MM";="KG";"1,3700";"3,25";"72085300";"0,00";"0";"0,00"
"3";="I2015623";"PP";="CONJ LATERAIS COMBOIO 10000L 2COMP VEICULO 6 X 4 S SUP GRAXA 170KG COM ARM EPI MOD 2026";="CJ";="I1015093";"PP";="PERFIL SUPERIOR 2350 X 780";="PC";"6,0000";"0,00";"87169010";"0,00";"0";"0,00"
"4";="I1015093";"PP";="PERFIL SUPERIOR 2350 X 780";="PC";="G2005932";"MP";="CHAPA ACO A36 2,00MM";="KG";"265,8600";"3,25";"72085400";"0,00";"5";"0,00"
"3";="I2015623";"PP";="CONJ LATERAIS COMBOIO 10000L 2COMP VEICULO 6 X 4 S SUP GRAXA 170KG COM ARM EPI MOD 2026";="CJ";="I1015096";"PP";="PERFIL 3 X 1760 X 897 X 60 X 40 X 35 1REC321 LD";="PC";"1,0000";"0,00";"87169010";"0,00";"0";"0,00"
"4";="I1015096";"PP";="PERFIL 3 X 1760 X 897 X 60 X 40 X 35 1REC321 LD";="PC";="G2005882";"MP";="CHAPA ACO A36 3,00MM";="KG";"42,4800";"3,25";"72085300";"0,00";"0";"0,00"
"3";="I2015623";"PP";="CONJ LATERAIS COMBOIO 10000L 2COMP VEICULO 6 X 4 S SUP GRAXA 170KG COM ARM EPI MOD 2026";="CJ";="I1015097";"PP";="PERFIL 3 X 1760 X 897 X 60 X 40 X 35 1REC321 LE";="PC";"1,0000";"0,00";"87169010";"0,00";"0";"0,00"
"4";="I1015097";"PP";="PERFIL 3 X 1760 X 897 X 60 X 40 X 35 1REC321 LE";="PC";="G2005882";"MP";="CHAPA ACO A36 3,00MM";="KG";"42,4800";"3,25";"72085300";"0,00";"0";"0,00"
"3";="I2015623";"PP";="CONJ LATERAIS COMBOIO 10000L 2COMP VEICULO 6 X 4 S SUP GRAXA 170KG COM ARM EPI MOD 2026";="CJ";="I1019463";"PP";="PERFIL 3 X 688 X 38 X 43 X 66 X 46 X 2990 4OBL";="PC";"1,0000";"0,00";"87169010";"0,00";"0";"0,00"
"4";="I1019463";"PP";="PERFIL 3 X 688 X 38 X 43 X 66 X 46 X 2990 4OBL";="PC";="G2005882";"MP";="CHAPA ACO A36 3,00MM";="KG";"60,6600";"3,25";"72085300";"0,00";"0";"0,00"
"3";="I2015623";"PP";="CONJ LATERAIS COMBOIO 10000L 2COMP VEICULO 6 X 4 S SUP GRAXA 170KG COM ARM EPI MOD 2026";="CJ";="I1027861";"PP";="PERFIL L 4,75 X 40 X 40 X 60 R10";="PC";"8,0000";"0,00";"87169010";"0,00";"0";"0,00"
"4";="I1027861";"PP";="PERFIL L 4,75 X 40 X 40 X 60 R10";="PC";="G2005931";"MP";="CHAPA ACO A36 4,75MM";="KG";"1,2800";"0,00";"72085200";"0,00";"0";"0,00"
"3";="I2015623";"PP";="CONJ LATERAIS COMBOIO 10000L 2COMP VEICULO 6 X 4 S SUP GRAXA 170KG COM ARM EPI MOD 2026";="CJ";="I1028231";"PP";="PERFIL L 4,75 X 100 X 40 X 495 REC";="PC";"4,0000";"0,00";"87169010";"0,00";"0";"0,00"
"4";="I1028231";"PP";="PERFIL L 4,75 X 100 X 40 X 495 REC";="PC";="G2005931";"MP";="CHAPA ACO A36 4,75MM";="KG";"7,5200";"0,00";"72085200";"0,00";"0";"0,00"
"3";="I2015623";"PP";="CONJ LATERAIS COMBOIO 10000L 2COMP VEICULO 6 X 4 S SUP GRAXA 170KG COM ARM EPI MOD 2026";="CJ";="I1033068";"PP";="PERFIL L 680 X 50 X 1600";="PC";"1,0000";"0,00";"87169010";"0,00";"0";"0,00"
"4";="I1033068";"PP";="PERFIL L 680 X 50 X 1600";="PC";="G2005882";"MP";="CHAPA ACO A36 3,00MM";="KG";"28,0900";"3,25";"72085300";"0,00";"0";"0,00"
"3";="I2015623";"PP";="CONJ LATERAIS COMBOIO 10000L 2COMP VEICULO 6 X 4 S SUP GRAXA 170KG COM ARM EPI MOD 2026";="CJ";="I1033701";"PP";="CHAPA QUADR 4,75 X 280 X 280";="PC";"2,0000";"0,00";"87169010";"0,00";"0";"0,00"
"4";="I1033701";"PP";="CHAPA QUADR 4,75 X 280 X 280";="PC";="G2005931";"MP";="CHAPA ACO A36 4,75MM";="KG";"5,8400";"0,00";"72085200";"0,00";"0";"0,00"
"3";="I2015623";"PP";="CONJ LATERAIS COMBOIO 10000L 2COMP VEICULO 6 X 4 S SUP GRAXA 170KG COM ARM EPI MOD 2026";="CJ";="I1035296";"PP";="LOGO AIZ 3 X 180 X 542";="PC";"4,0000";"0,00";"87169010";"0,00";"0";"0,00"
"4";="I1035296";"PP";="LOGO AIZ 3 X 180 X 542";="PC";="G2005882";"MP";="CHAPA ACO A36 3,00MM";="KG";"4,1200";"3,25";"72085300";"0,00";"0";"0,00"
"3";="I2015623";"PP";="CONJ LATERAIS COMBOIO 10000L 2COMP VEICULO 6 X 4 S SUP GRAXA 170KG COM ARM EPI MOD 2026";="CJ";="I1039053";"PP";="PERFIL 3 X 685,00 X 35,00 X 43,00 X 60,00 X 43,00 X 1070,00 COM FURACOES";="PC";"1,0000";"0,00";"87169010";"0,00";"0";"0,00"
"4";="I1039053";"PP";="PERFIL 3 X 685,00 X 35,00 X 43,00 X 60,00 X 43,00 X 1070,00 COM FURACOES";="PC";="G2005882";"MP";="CHAPA ACO A36 3,00MM";="KG";"21,7600";"3,25";"72085300";"0,00";"0";"0,00"
"3";="I2015623";"PP";="CONJ LATERAIS COMBOIO 10000L 2COMP VEICULO 6 X 4 S SUP GRAXA 170KG COM ARM EPI MOD 2026";="CJ";="I1039058";"PP";="PERFIL L 3 X 680,00 X 50,00 X 970,00 REC";="PC";"1,0000";"0,00";"87169010";"0,00";"0";"0,00"
"4";="I1039058";"PP";="PERFIL L 3 X 680,00 X 50,00 X 970,00 REC";="PC";="G2005882";"MP";="CHAPA ACO A36 3,00MM";="KG";"15,0700";"3,25";"72085300";"0,00";"0";"0,00"
"3";="I2015623";"PP";="CONJ LATERAIS COMBOIO 10000L 2COMP VEICULO 6 X 4 S SUP GRAXA 170KG COM ARM EPI MOD 2026";="CJ";="I1039059";"PP";="PERFIL L 3 X 680,00 X 50,00 X 2990,00";="PC";"1,0000";"0,00";"87169010";"0,00";"0";"0,00"
"4";="I1039059";"PP";="PERFIL L 3 X 680,00 X 50,00 X 2990,00";="PC";="G2005882";"MP";="CHAPA ACO A36 3,00MM";="KG";"49,5500";"3,25";"72085300";"0,00";"0";"0,00"
"3";="I2015623";"PP";="CONJ LATERAIS COMBOIO 10000L 2COMP VEICULO 6 X 4 S SUP GRAXA 170KG COM ARM EPI MOD 2026";="CJ";="I1039061";"PP";="PERFIL 3 X 685,00 X 35,00 X 43,00 X 60,00 X 43,00 X 2990,00";="PC";"1,0000";"0,00";"87169010";"0,00";"0";"0,00"
"4";="I1039061";"PP";="PERFIL 3 X 685,00 X 35,00 X 43,00 X 60,00 X 43,00 X 2990,00";="PC";="G2005882";"MP";="CHAPA ACO A36 3,00MM";="KG";"60,3400";"3,25";"72085300";"0,00";"0";"0,00"
"3";="I2015623";"PP";="CONJ LATERAIS COMBOIO 10000L 2COMP VEICULO 6 X 4 S SUP GRAXA 170KG COM ARM EPI MOD 2026";="CJ";="I1039075";"PP";="PERFIL 3 X 685,00 X 35,00 X 43,00 X 60,00 X 43,00 X 2990,00";="PC";"1,0000";"0,00";"87169010";"0,00";"0";"0,00"
"4";="I1039075";"PP";="PERFIL 3 X 685,00 X 35,00 X 43,00 X 60,00 X 43,00 X 2990,00";="PC";="G2005882";"MP";="CHAPA ACO A36 3,00MM";="KG";"60,7700";"3,25";"72085300";"0,00";"0";"0,00"
"3";="I2015623";"PP";="CONJ LATERAIS COMBOIO 10000L 2COMP VEICULO 6 X 4 S SUP GRAXA 170KG COM ARM EPI MOD 2026";="CJ";="I1039079";"PP";="PERFIL 3 X 685,00 X 35,00 X 43,00 X 60,00 X 43,00 X 1070,00";="PC";"1,0000";"0,00";"87169010";"0,00";"0";"0,00"
"4";="I1039079";"PP";="PERFIL 3 X 685,00 X 35,00 X 43,00 X 60,00 X 43,00 X 1070,00";="PC";="G2005882";"MP";="CHAPA ACO A36 3,00MM";="KG";"21,7600";"3,25";"72085300";"0,00";"0";"0,00"
"3";="I2015623";"PP";="CONJ LATERAIS COMBOIO 10000L 2COMP VEICULO 6 X 4 S SUP GRAXA 170KG COM ARM EPI MOD 2026";="CJ";="I1039080";"PP";="PERFIL 3 X 685,00 X 35,00 X 43,00 X 60,00 X 43,00 X 2990,00 COM FURACOES";="PC";"1,0000";"0,00";"87169010";"0,00";"0";"0,00"
"4";="I1039080";"PP";="PERFIL 3 X 685,00 X 35,00 X 43,00 X 60,00 X 43,00 X 2990,00 COM FURACOES";="PC";="G2005882";"MP";="CHAPA ACO A36 3,00MM";="KG";"60,7900";"3,25";"72085300";"0,00";"0";"0,00"
"3";="I2015623";"PP";="CONJ LATERAIS COMBOIO 10000L 2COMP VEICULO 6 X 4 S SUP GRAXA 170KG COM ARM EPI MOD 2026";="CJ";="I1039220";"PP";="PERFIL 3 X 1750 X 897 X 60 X 40 X 35 1REC321 2DIAM12 LD";="PC";"1,0000";"0,00";"87169010";"0,00";"0";"0,00"
"4";="I1039220";"PP";="PERFIL 3 X 1750 X 897 X 60 X 40 X 35 1REC321 2DIAM12 LD";="PC";="G2005882";"MP";="CHAPA ACO A36 3,00MM";="KG";"42,4800";"3,25";"72085300";"0,00";"0";"0,00"
"3";="I2015623";"PP";="CONJ LATERAIS COMBOIO 10000L 2COMP VEICULO 6 X 4 S SUP GRAXA 170KG COM ARM EPI MOD 2026";="CJ";="I1039222";"PP";="PERFIL 3 X 1750 X 897 X 60 X 40 X 35 1REC321 2DIAM12 LP";="PC";"1,0000";"0,00";"87169010";"0,00";"0";"0,00"
"4";="I1039222";"PP";="PERFIL 3 X 1750 X 897 X 60 X 40 X 35 1REC321 2DIAM12 LP";="PC";="G2005882";"MP";="CHAPA ACO A36 3,00MM";="KG";"42,4800";"3,25";"72085300";"0,00";"0";"0,00"
"3";="I2015623";"PP";="CONJ LATERAIS COMBOIO 10000L 2COMP VEICULO 6 X 4 S SUP GRAXA 170KG COM ARM EPI MOD 2026";="CJ";="I1039757";"PP";="TUBO DIN 2440 NBR5580 17,20 X 11,90 X 550MM";="PC";"3,0000";"0,00";"87169090";"0,00";"0";"0,00"
"4";="I1039757";"PP";="TUBO DIN 2440 NBR5580 17,20 X 11,90 X 550MM";="PC";="G2000473";"MP";="TUBO DIN 2440 NBR5580 17,20 X 11,90 X 2,65MM";="KG";"1,5600";"3,25";"73063000";"0,00";"0";"0,00"
"3";="I2015623";"PP";="CONJ LATERAIS COMBOIO 10000L 2COMP VEICULO 6 X 4 S SUP GRAXA 170KG COM ARM EPI MOD 2026";="CJ";="I1040658";"PP";="TUBO DIN 2440 NBR5580 17 X 12 X 1500MM";="PC";"3,0000";"0,00";"87169010";"0,00";"0";"0,00"
"4";="I1040658";"PP";="TUBO DIN 2440 NBR5580 17 X 12 X 1500MM";="PC";="G2000473";"MP";="TUBO DIN 2440 NBR5580 17,20 X 11,90 X 2,65MM";="KG";"4,5600";"3,25";"73063000";"0,00";"0";"0,00"
"3";="I2015623";"PP";="CONJ LATERAIS COMBOIO 10000L 2COMP VEICULO 6 X 4 S SUP GRAXA 170KG COM ARM EPI MOD 2026";="CJ";="I1040678";"PP";="TUBO DIN 2440 NBR5580 17,20 X 11,90 X 380,00MM";="PC";"1,0000";"0,00";"87169090";"0,00";"0";"0,00"
"4";="I1040678";"PP";="TUBO DIN 2440 NBR5580 17,20 X 11,90 X 380,00MM";="PC";="G2000473";"MP";="TUBO DIN 2440 NBR5580 17,20 X 11,90 X 2,65MM";="KG";"0,3600";"3,25";"73063000";"0,00";"0";"0,00"
"3";="I2015623";"PP";="CONJ LATERAIS COMBOIO 10000L 2COMP VEICULO 6 X 4 S SUP GRAXA 170KG COM ARM EPI MOD 2026";="CJ";="I1044222";"PP";="PERFIL L DIR 4,75 X 40,00 X 100,00 X 495,00MM REC";="PC";"4,0000";"0,00";"87169010";"0,00";"0";"0,00"
"4";="I1044222";"PP";="PERFIL L DIR 4,75 X 40,00 X 100,00 X 495,00MM REC";="PC";="G2005931";"MP";="CHAPA ACO A36 4,75MM";="KG";"7,5200";"0,00";"72085200";"0,00";"0";"0,00"
"3";="I2015623";"PP";="CONJ LATERAIS COMBOIO 10000L 2COMP VEICULO 6 X 4 S SUP GRAXA 170KG COM ARM EPI MOD 2026";="CJ";="I2010982";"PP";="SUPORTE FIXADOR COMPRESSOR";="CJ";"2,0000";"0,00";"87169010";"0,00";"0";"0,00"
"4";="I2010982";"PP";="SUPORTE FIXADOR COMPRESSOR";="CJ";="G3001751";"MP";="PF SX M12 X 1,75 X 60MM CL8.8 DIN 933 RI ZF";="PC";"4,0000";"5,20";"73181500";"0,00";"0";"0,00"
"4";="I2010982";"PP";="SUPORTE FIXADOR COMPRESSOR";="CJ";="I1007554";"PP";="SUPORTE COMPRESSOR COMBOIO";="PC";"2,0000";"3,25";"87169010";"0,00";"0";"0,00"
"5";="I1007554";"PP";="SUPORTE COMPRESSOR COMBOIO";="PC";="G2005931";"MP";="CHAPA ACO A36 4,75MM";="KG";"4,8800";"0,00";"72085200";"0,00";"0";"0,00"
"3";="I2015623";"PP";="CONJ LATERAIS COMBOIO 10000L 2COMP VEICULO 6 X 4 S SUP GRAXA 170KG COM ARM EPI MOD 2026";="CJ";="I2011422";"PP";="CONJ ARMARIO PARA EPI COM 2 PORTAS E 2 PRATELEIRAS";="CJ";"1,0000";"0,00";"87169010";"0,00";"0";"0,00"
"4";="I2011422";"PP";="CONJ ARMARIO PARA EPI COM 2 PORTAS E 2 PRATELEIRAS";="CJ";="G1003426";"MP";="DOBRADICA GONZO 1/2 ( MACHO E FEMEA)";="PC";"4,0000";"3,25";"83021000";"0,00";"0";"0,00"
"4";="I2011422";"PP";="CONJ ARMARIO PARA EPI COM 2 PORTAS E 2 PRATELEIRAS";="CJ";="I1034201";"PP";="CHAPA DOBRADA 3 X 120 X 25 X 25 X 850";="PC";"1,0000";"0,00";"87169010";"0,00";"0";"0,00"
"5";="I1034201";"PP";="CHAPA DOBRADA 3 X 120 X 25 X 25 X 850";="PC";="G2005882";"MP";="CHAPA ACO A36 3,00MM";="KG";"3,3300";"3,25";"72085300";"0,00";"0";"0,00"
"4";="I2011422";"PP";="CONJ ARMARIO PARA EPI COM 2 PORTAS E 2 PRATELEIRAS";="CJ";="I1034202";"PP";="CHAPA DOBRADA 3 X 572 X 80 X 25 X 30 X 850";="PC";"1,0000";"0,00";"87169010";"0,00";"0";"0,00"
"5";="I1034202";"PP";="CHAPA DOBRADA 3 X 572 X 80 X 25 X 30 X 850";="PC";="G2005882";"MP";="CHAPA ACO A36 3,00MM";="KG";"13,9800";"3,25";"72085300";"0,00";"0";"0,00"
"4";="I2011422";"PP";="CONJ ARMARIO PARA EPI COM 2 PORTAS E 2 PRATELEIRAS";="CJ";="I1034207";"PP";="PERFIL CARTOLA 30 X 22 X 100 X 22 X 30 X 850";="PC";"1,0000";"0,00";"87169010";"0,00";"0";"0,00"
"5";="I1034207";"PP";="PERFIL CARTOLA 30 X 22 X 100 X 22 X 30 X 850";="PC";="G2005932";"MP";="CHAPA ACO A36 2,00MM";="KG";"2,6500";"3,25";"72085400";"0,00";"5";"0,00"
"4";="I2011422";"PP";="CONJ ARMARIO PARA EPI COM 2 PORTAS E 2 PRATELEIRAS";="CJ";="I1034208";"PP";="CHAPA RETANG 3 X 788 X 570 1 REC";="PC";"1,0000";"0,00";"87169010";"0,00";"0";"0,00"
"5";="I1034208";"PP";="CHAPA RETANG 3 X 788 X 570 1 REC";="PC";="G2005882";"MP";="CHAPA ACO A36 3,00MM";="KG";"10,5500";"3,25";"72085300";"0,00";"0";"0,00"
"4";="I2011422";"PP";="CONJ ARMARIO PARA EPI COM 2 PORTAS E 2 PRATELEIRAS";="CJ";="I1034209";"PP";="PERFIL DOBRADO 3 X 30 X 30 X 545";="PC";"4,0000";"0,00";"87169010";"0,00";"0";"0,00"
"5";="I1034209";"PP";="PERFIL DOBRADO 3 X 30 X 30 X 545";="PC";="G2005882";"MP";="CHAPA ACO A36 3,00MM";="KG";"2,8400";"3,25";"72085300";"0,00";"0";"0,00"
"4";="I2011422";"PP";="CONJ ARMARIO PARA EPI COM 2 PORTAS E 2 PRATELEIRAS";="CJ";="I1034210";"PP";="CHAPA DOBRADA 3 X 540 X 25 X 820";="PC";"1,0000";"0,00";"87169010";"0,00";"0";"0,00"
"5";="I1034210";"PP";="CHAPA DOBRADA 3 X 540 X 25 X 820";="PC";="G2005882";"MP";="CHAPA ACO A36 3,00MM";="KG";"10,9300";"3,25";"72085300";"0,00";"0";"0,00"
"4";="I2011422";"PP";="CONJ ARMARIO PARA EPI COM 2 PORTAS E 2 PRATELEIRAS";="CJ";="I1034258";"PP";="CHAPA DOBRADA 3 X 540 X 25 X 740";="PC";"1,0000";"0,00";"87169010";"0,00";"0";"0,00"
"5";="I1034258";"PP";="CHAPA DOBRADA 3 X 540 X 25 X 740";="PC";="G2005882";"MP";="CHAPA ACO A36 3,00MM";="KG";"9,8600";"3,25";"72085300";"0,00";"0";"0,00"
"4";="I2011422";"PP";="CONJ ARMARIO PARA EPI COM 2 PORTAS E 2 PRATELEIRAS";="CJ";="I2011423";"PP";="CONJ PORTA ARMARIO EPI 18 X 837 MM X 632 MM";="CJ";"2,0000";"0,00";"87169010";"0,00";"0";"0,00"
"5";="I2011423";"PP";="CONJ PORTA ARMARIO EPI 18 X 837 MM X 632 MM";="CJ";="I1034203";"PP";="CHAPA RETANG 1 5 X 632 X 837 20 OBLG";="PC";"2,0000";"0,00";"87169010";"0,00";"0";"0,00"
"6";="I1034203";"PP";="CHAPA RETANG 1 5 X 632 X 837 20 OBLG";="PC";="G2006084";"MP";="CHAPA ACO A36 1,50MM";="KG";"12,5600";"3,25";"72085200";"0,00";"0";"0,00"
"5";="I2011423";"PP";="CONJ PORTA ARMARIO EPI 18 X 837 MM X 632 MM";="CJ";="I2011443";"PP";="CONJ FECHADURA ARMARIO DE EPI";="CJ";"2,0000";"0,00";"87169010";"0,00";"0";"0,00"
"6";="I2011443";"PP";="CONJ FECHADURA ARMARIO DE EPI";="CJ";="I1015079";"PP";="CHAPA 4,75 X 100 X 30 R15";="PC";"2,0000";"0,00";"87169010";"0,00";"0";"0,00"
"7";="I1015079";"PP";="CHAPA 4,75 X 100 X 30 R15";="PC";="G2005931";"MP";="CHAPA ACO A36 4,75MM";="KG";"0,2000";"0,00";"72085200";"0,00";"0";"0,00"
"6";="I2011443";"PP";="CONJ FECHADURA ARMARIO DE EPI";="CJ";="I1015080";"PP";="CHAPA 4,75 X 50 X 30 R15";="PC";"4,0000";"0,00";"87169010";"0,00";"0";"0,00"
"7";="I1015080";"PP";="CHAPA 4,75 X 50 X 30 R15";="PC";="G2005931";"MP";="CHAPA ACO A36 4,75MM";="KG";"0,1600";"0,00";"72085200";"0,00";"0";"0,00"
"6";="I2011443";"PP";="CONJ FECHADURA ARMARIO DE EPI";="CJ";="I1034262";"PP";="TUBO 15,88 X 2 X 60";="PC";"2,0000";"0,00";"87169010";"0,00";"0";"0,00"
"7";="I1034262";"PP";="TUBO 15,88 X 2 X 60";="PC";="G2006399";"MP";="TUBO REDONDO SAE1010 DIN2440  C/COSTURA 15,88X12,7MM";="KG";"0,0800";"0,00";"73063000";"0,00";"0";"0,00"
"6";="I2011443";"PP";="CONJ FECHADURA ARMARIO DE EPI";="CJ";="I1034263";"PP";="BARRA REDONDA 12,70 X 74";="PC";"2,0000";"0,00";"87169010";"0,00";"0";"0,00"
"7";="I1034263";"PP";="BARRA REDONDA 12,70 X 74";="PC";="G2000053";"MP";="BARRA REDONDA SAE1020 12,70MM TREFILADA";="KG";"0,1000";"5,20";"72155000";"0,00";"0";"0,00"
"3";="I2015623";"PP";="CONJ LATERAIS COMBOIO 10000L 2COMP VEICULO 6 X 4 S SUP GRAXA 170KG COM ARM EPI MOD 2026";="CJ";="I2015233";"PP";="CONJ PORTA COM FECHADURA EMBUTIR MONT LD DIR";="CJ";"4,0000";"0,00";"87169010";"0,00";"0";"0,00"
"4";="I2015233";"PP";="CONJ PORTA COM FECHADURA EMBUTIR MONT LD DIR";="CJ";="G1009112";"MP";="FECHO DE EMBUTIR 16MM C/CHAVE PROFUGO 724";="PC";"4,0000";"6,50";"84122900";"0,00";"0";"0,00"
"4";="I2015233";"PP";="CONJ PORTA COM FECHADURA EMBUTIR MONT LD DIR";="CJ";="G3000328";"MP";="REBITE REPUXO ALUMINIO 4,8 X 12MM";="PC";"32,0000";"3,25";"83082000";"0,00";"0";"0,00"
"4";="I2015233";"PP";="CONJ PORTA COM FECHADURA EMBUTIR MONT LD DIR";="CJ";="G3006035";"MP";="GONZO 16MM 5/8"" CONF DES";="PC";"8,0000";"3,25";"83021000";"0,00";"0";"0,00"
"4";="I2015233";"PP";="CONJ PORTA COM FECHADURA EMBUTIR MONT LD DIR";="CJ";="G3010009";"MP";="PINO ELASTICO DIN 1481 5 X 20 CONF DES";="PC";"8,0000";"3,25";"73181500";"0,00";"0";"0,00"
"4";="I2015233";"PP";="CONJ PORTA COM FECHADURA EMBUTIR MONT LD DIR";="CJ";="I1007342";"PP";="PERFIL 2 X 20 X 29 X 710 X 1362 8DIAM5 LE";="PC";"4,0000";"3,25";"87169010";"0,00";"0";"0,00"
"5";="I1007342";"PP";="PERFIL 2 X 20 X 29 X 710 X 1362 8DIAM5 LE";="PC";="G2005940";"MP";="CHAPA ACO A36 2,65MM";="KG";"92,8400";"3,25";"72085400";"0,00";"5";"0,00"
"4";="I2015233";"PP";="CONJ PORTA COM FECHADURA EMBUTIR MONT LD DIR";="CJ";="I1009007";"PP";="BORRACHA PORTA COMBOIO";="PC";"4,0000";"3,25";"87169010";"0,00";"0";"0,00"
"5";="I1009007";"PP";="BORRACHA PORTA COMBOIO";="PC";="G1009109";"MP";="PERFIL BIELASTOMERO PARA PORTAS";="MT";"16,0600";"0,00";"40169990";"0,00";"0";"0,00"
"4";="I2015233";"PP";="CONJ PORTA COM FECHADURA EMBUTIR MONT LD DIR";="CJ";="I2002647";"PP";="CONJ FECHADURA COMBOIO 1180MM LE";="CJ";"4,0000";"0,00";"87169010";"0,00";"0";"0,00"
"5";="I2002647";"PP";="CONJ FECHADURA COMBOIO 1180MM LE";="CJ";="I1007210";"PP";="BARRA RED 15,88 X 1026 FURO DIAM 5";="PC";"4,0000";"3,25";"87169010";"0,00";"0";"0,00"
"6";="I1007210";"PP";="BARRA RED 15,88 X 1026 FURO DIAM 5";="PC";="G2000054";"MP";="BARRA REDONDA SAE1020 15,88MM TREFILADA";="KG";"6,3600";"5,20";"72155000";"0,00";"0";"0,00"
"5";="I2002647";"PP";="CONJ FECHADURA COMBOIO 1180MM LE";="CJ";="I1007211";"PP";="BUCHA DE ARTICULACAO 30 X 22,22";="PC";"12,0000";"3,25";"87169010";"0,00";"0";"0,00"
"6";="I1007211";"PP";="BUCHA DE ARTICULACAO 30 X 22,22";="PC";="G2005696";"MP";="TUBO INDUSTRIAL 22,22 X 2,65 PAREDE";="KG";"0,4920";"3,25";"73043910";"0,00";"0";"0,00"
"5";="I2002647";"PP";="CONJ FECHADURA COMBOIO 1180MM LE";="CJ";="I1007212";"PP";="TRAVA INTERNA";="PC";"12,0000";"3,25";"87169010";"0,00";"0";"0,00"
"6";="I1007212";"PP";="TRAVA INTERNA";="PC";="G2005882";"MP";="CHAPA ACO A36 3,00MM";="KG";"0,8400";"3,25";"72085300";"0,00";"0";"0,00"
"5";="I2002647";"PP";="CONJ FECHADURA COMBOIO 1180MM LE";="CJ";="I1008779";"PP";="BARRA RED 15,88 X 157 FURO DIAM 5";="PC";"4,0000";"3,25";"87169010";"0,00";"0";"0,00"
"6";="I1008779";"PP";="BARRA RED 15,88 X 157 FURO DIAM 5";="PC";="G2000054";"MP";="BARRA REDONDA SAE1020 15,88MM TREFILADA";="KG";"0,9600";"5,20";"72155000";"0,00";"0";"0,00"
"4";="I2015233";"PP";="CONJ PORTA COM FECHADURA EMBUTIR MONT LD DIR";="CJ";="I2013255";"PP";="CONJ BRACO DE MONT INFERIOR PARA PORTA VERTICAL LAT MANTER ABERT";="CJ";"4,0000";"0,00";"87169010";"0,00";"0";"0,00"
"5";="I2013255";"PP";="CONJ BRACO DE MONT INFERIOR PARA PORTA VERTICAL LAT MANTER ABERT";="CJ";="G1005029";"MP";="PO SX AUTO TRAV M8 X 1,25 CL 8 DIN 985 ZB";="PC";"4,0000";"3,25";"73181600";"0,00";"0";"0,00"
"5";="I2013255";"PP";="CONJ BRACO DE MONT INFERIOR PARA PORTA VERTICAL LAT MANTER ABERT";="CJ";="G3004428";"MP";="PF SX FL M8 X 1,25 X 25 CL8.8 DIN6921 ZF";="PC";"4,0000";"3,25";"73181500";"0,00";"0";"0,00"
"5";="I2013255";"PP";="CONJ BRACO DE MONT INFERIOR PARA PORTA VERTICAL LAT MANTER ABERT";="CJ";="I1006833";"PP";="SUPORTE TIRANTE";="PC";"8,0000";"11,70";"87169010";"0,00";"0";"0,00"
"6";="I1006833";"PP";="SUPORTE TIRANTE";="PC";="G2005882";"MP";="CHAPA ACO A36 3,00MM";="KG";"0,3200";"3,25";"72085300";"0,00";"0";"0,00"
"5";="I2013255";"PP";="CONJ BRACO DE MONT INFERIOR PARA PORTA VERTICAL LAT MANTER ABERT";="CJ";="I1038970";"PP";="BRACO DE FIX INFERIOR P/ PORTA LAT 6,35 X 20 X 220";="PC";"4,0000";"0,00";"87169010";"0,00";"0";"0,00"
"6";="I1038970";"PP";="BRACO DE FIX INFERIOR P/ PORTA LAT 6,35 X 20 X 220";="PC";="G2005887";"MP";="CHAPA ACO A36 6,35MM";="KG";"0,8400";"3,25";"72085200";"0,00";"5";"0,00"
"5";="I2013255";"PP";="CONJ BRACO DE MONT INFERIOR PARA PORTA VERTICAL LAT MANTER ABERT";="CJ";="I1038971";"PP";="PINO 7,94 X 15 TRAVAMENTO INFERIOR PARA PORTA LATERAL";="PC";"8,0000";"0,00";"87169010";"0,00";"0";"0,00"
"6";="I1038971";"PP";="PINO 7,94 X 15 TRAVAMENTO INFERIOR PARA PORTA LATERAL";="PC";="G2000064";"MP";="BARRA REDONDA SAE1020 7,93MM LAMINADA";="KG";"0,0800";"5,20";"72283000";"0,00";"3";"0,00"
"3";="I2015623";"PP";="CONJ LATERAIS COMBOIO 10000L 2COMP VEICULO 6 X 4 S SUP GRAXA 170KG COM ARM EPI MOD 2026";="CJ";="I2015234";"PP";="CONJ PORTA COM FECHADURA EMBUTIR MONT LD ESQ";="CJ";"4,0000";"0,00";"87169010";"0,00";"0";"0,00"
"4";="I2015234";"PP";="CONJ PORTA COM FECHADURA EMBUTIR MONT LD ESQ";="CJ";="G1009112";"MP";="FECHO DE EMBUTIR 16MM C/CHAVE PROFUGO 724";="PC";"4,0000";"6,50";"84122900";"0,00";"0";"0,00"
"4";="I2015234";"PP";="CONJ PORTA COM FECHADURA EMBUTIR MONT LD ESQ";="CJ";="G3000328";"MP";="REBITE REPUXO ALUMINIO 4,8 X 12MM";="PC";"32,0000";"3,25";"83082000";"0,00";"0";"0,00"
"4";="I2015234";"PP";="CONJ PORTA COM FECHADURA EMBUTIR MONT LD ESQ";="CJ";="G3006035";"MP";="GONZO 16MM 5/8"" CONF DES";="PC";"8,0000";"3,25";"83021000";"0,00";"0";"0,00"
"4";="I2015234";"PP";="CONJ PORTA COM FECHADURA EMBUTIR MONT LD ESQ";="CJ";="G3010009";"MP";="PINO ELASTICO DIN 1481 5 X 20 CONF DES";="PC";"8,0000";"3,25";"73181500";"0,00";"0";"0,00"
"4";="I2015234";"PP";="CONJ PORTA COM FECHADURA EMBUTIR MONT LD ESQ";="CJ";="I1007344";"PP";="PERFIL 2 X 20 X 29 X 710 X 1362 8DIAM5 LD";="PC";"4,0000";"3,25";"87169010";"0,00";"0";"0,00"
"5";="I1007344";"PP";="PERFIL 2 X 20 X 29 X 710 X 1362 8DIAM5 LD";="PC";="G2005940";"MP";="CHAPA ACO A36 2,65MM";="KG";"92,8400";"3,25";"72085400";"0,00";"5";"0,00"
"4";="I2015234";"PP";="CONJ PORTA COM FECHADURA EMBUTIR MONT LD ESQ";="CJ";="I1009007";"PP";="BORRACHA PORTA COMBOIO";="PC";"4,0000";"3,25";"87169010";"0,00";"0";"0,00"
"5";="I1009007";"PP";="BORRACHA PORTA COMBOIO";="PC";="G1009109";"MP";="PERFIL BIELASTOMERO PARA PORTAS";="MT";"16,0600";"0,00";"40169990";"0,00";"0";"0,00"
"4";="I2015234";"PP";="CONJ PORTA COM FECHADURA EMBUTIR MONT LD ESQ";="CJ";="I2013255";"PP";="CONJ BRACO DE MONT INFERIOR PARA PORTA VERTICAL LAT MANTER ABERT";="CJ";"4,0000";"0,00";"87169010";"0,00";"0";"0,00"
"5";="I2013255";"PP";="CONJ BRACO DE MONT INFERIOR PARA PORTA VERTICAL LAT MANTER ABERT";="CJ";="G1005029";"MP";="PO SX AUTO TRAV M8 X 1,25 CL 8 DIN 985 ZB";="PC";"4,0000";"3,25";"73181600";"0,00";"0";"0,00"
"5";="I2013255";"PP";="CONJ BRACO DE MONT INFERIOR PARA PORTA VERTICAL LAT MANTER ABERT";="CJ";="G3004428";"MP";="PF SX FL M8 X 1,25 X 25 CL8.8 DIN6921 ZF";="PC";"4,0000";"3,25";"73181500";"0,00";"0";"0,00"
"5";="I2013255";"PP";="CONJ BRACO DE MONT INFERIOR PARA PORTA VERTICAL LAT MANTER ABERT";="CJ";="I1006833";"PP";="SUPORTE TIRANTE";="PC";"8,0000";"11,70";"87169010";"0,00";"0";"0,00"
"6";="I1006833";"PP";="SUPORTE TIRANTE";="PC";="G2005882";"MP";="CHAPA ACO A36 3,00MM";="KG";"0,3200";"3,25";"72085300";"0,00";"0";"0,00"
"5";="I2013255";"PP";="CONJ BRACO DE MONT INFERIOR PARA PORTA VERTICAL LAT MANTER ABERT";="CJ";="I1038970";"PP";="BRACO DE FIX INFERIOR P/ PORTA LAT 6,35 X 20 X 220";="PC";"4,0000";"0,00";"87169010";"0,00";"0";"0,00"
"6";="I1038970";"PP";="BRACO DE FIX INFERIOR P/ PORTA LAT 6,35 X 20 X 220";="PC";="G2005887";"MP";="CHAPA ACO A36 6,35MM";="KG";"0,8400";"3,25";"72085200";"0,00";"5";"0,00"
"5";="I2013255";"PP";="CONJ BRACO DE MONT INFERIOR PARA PORTA VERTICAL LAT MANTER ABERT";="CJ";="I1038971";"PP";="PINO 7,94 X 15 TRAVAMENTO INFERIOR PARA PORTA LATERAL";="PC";"8,0000";"0,00";"87169010";"0,00";"0";"0,00"
"6";="I1038971";"PP";="PINO 7,94 X 15 TRAVAMENTO INFERIOR PARA PORTA LATERAL";="PC";="G2000064";"MP";="BARRA REDONDA SAE1020 7,93MM LAMINADA";="KG";"0,0800";"5,20";"72283000";"0,00";"3";"0,00"
"4";="I2015234";"PP";="CONJ PORTA COM FECHADURA EMBUTIR MONT LD ESQ";="CJ";="I2015243";"PP";="CONJ FECHADURA ARM ISOL CONJ OXIACET PORTA 1688 X 660MM";="CJ";"4,0000";"0,00";"87169010";"0,00";"0";"0,00"
"5";="I2015243";"PP";="CONJ FECHADURA ARM ISOL CONJ OXIACET PORTA 1688 X 660MM";="CJ";="I1007210";"PP";="BARRA RED 15,88 X 1026 FURO DIAM 5";="PC";"4,0000";"3,25";"87169010";"0,00";"0";"0,00"
"6";="I1007210";"PP";="BARRA RED 15,88 X 1026 FURO DIAM 5";="PC";="G2000054";"MP";="BARRA REDONDA SAE1020 15,88MM TREFILADA";="KG";"6,3600";"5,20";"72155000";"0,00";"0";"0,00"
"5";="I2015243";"PP";="CONJ FECHADURA ARM ISOL CONJ OXIACET PORTA 1688 X 660MM";="CJ";="I1007211";"PP";="BUCHA DE ARTICULACAO 30 X 22,22";="PC";"12,0000";"3,25";"87169010";"0,00";"0";"0,00"
"6";="I1007211";"PP";="BUCHA DE ARTICULACAO 30 X 22,22";="PC";="G2005696";"MP";="TUBO INDUSTRIAL 22,22 X 2,65 PAREDE";="KG";"0,4920";"3,25";"73043910";"0,00";"0";"0,00"
"5";="I2015243";"PP";="CONJ FECHADURA ARM ISOL CONJ OXIACET PORTA 1688 X 660MM";="CJ";="I1007212";"PP";="TRAVA INTERNA";="PC";"12,0000";"3,25";"87169010";"0,00";"0";"0,00"
"6";="I1007212";"PP";="TRAVA INTERNA";="PC";="G2005882";"MP";="CHAPA ACO A36 3,00MM";="KG";"0,8400";"3,25";"72085300";"0,00";"0";"0,00"
"5";="I2015243";"PP";="CONJ FECHADURA ARM ISOL CONJ OXIACET PORTA 1688 X 660MM";="CJ";="I1008779";"PP";="BARRA RED 15,88 X 157 FURO DIAM 5";="PC";"4,0000";"3,25";"87169010";"0,00";"0";"0,00"
"6";="I1008779";"PP";="BARRA RED 15,88 X 157 FURO DIAM 5";="PC";="G2000054";"MP";="BARRA REDONDA SAE1020 15,88MM TREFILADA";="KG";"0,9600";"5,20";"72155000";"0,00";"0";"0,00"
"3";="I2015623";"PP";="CONJ LATERAIS COMBOIO 10000L 2COMP VEICULO 6 X 4 S SUP GRAXA 170KG COM ARM EPI MOD 2026";="CJ";="I2015235";"PP";="CONJ PORTA BATENTE COM BRACO ARTIC MONT LD ESQ";="CJ";"3,0000";"0,00";"87169010";"0,00";"0";"0,00"
"4";="I2015235";"PP";="CONJ PORTA BATENTE COM BRACO ARTIC MONT LD ESQ";="CJ";="G3006035";"MP";="GONZO 16MM 5/8"" CONF DES";="PC";"6,0000";"3,25";"83021000";"0,00";"0";"0,00"
"4";="I2015235";"PP";="CONJ PORTA BATENTE COM BRACO ARTIC MONT LD ESQ";="CJ";="I1027815";"PP";="PORTA LADO CARONA COMBOIO 2,65 X 1351 X 759";="PC";"3,0000";"0,00";"87169010";"0,00";"0";"0,00"
"5";="I1027815";"PP";="PORTA LADO CARONA COMBOIO 2,65 X 1351 X 759";="PC";="G2005940";"MP";="CHAPA ACO A36 2,65MM";="KG";"78,1800";"3,25";"72085400";"0,00";"5";"0,00"
"4";="I2015235";"PP";="CONJ PORTA BATENTE COM BRACO ARTIC MONT LD ESQ";="CJ";="I1043581";"PP";="BORRACHA VEDACAO PORTA BATENTE COMBOIO LD LE";="PC";"3,0000";"0,00";"87169010";"0,00";"0";"0,00"
"5";="I1043581";"PP";="BORRACHA VEDACAO PORTA BATENTE COMBOIO LD LE";="PC";="G1009109";"MP";="PERFIL BIELASTOMERO PARA PORTAS";="MT";"8,4750";"0,00";"40169990";"0,00";"0";"0,00"
"4";="I2015235";"PP";="CONJ PORTA BATENTE COM BRACO ARTIC MONT LD ESQ";="CJ";="I2013255";"PP";="CONJ BRACO DE MONT INFERIOR PARA PORTA VERTICAL LAT MANTER ABERT";="CJ";"3,0000";"0,00";"87169010";"0,00";"0";"0,00"
"5";="I2013255";"PP";="CONJ BRACO DE MONT INFERIOR PARA PORTA VERTICAL LAT MANTER ABERT";="CJ";="G1005029";"MP";="PO SX AUTO TRAV M8 X 1,25 CL 8 DIN 985 ZB";="PC";"3,0000";"3,25";"73181600";"0,00";"0";"0,00"
"5";="I2013255";"PP";="CONJ BRACO DE MONT INFERIOR PARA PORTA VERTICAL LAT MANTER ABERT";="CJ";="G3004428";"MP";="PF SX FL M8 X 1,25 X 25 CL8.8 DIN6921 ZF";="PC";"3,0000";"3,25";"73181500";"0,00";"0";"0,00"
"5";="I2013255";"PP";="CONJ BRACO DE MONT INFERIOR PARA PORTA VERTICAL LAT MANTER ABERT";="CJ";="I1006833";"PP";="SUPORTE TIRANTE";="PC";"6,0000";"11,70";"87169010";"0,00";"0";"0,00"
"6";="I1006833";"PP";="SUPORTE TIRANTE";="PC";="G2005882";"MP";="CHAPA ACO A36 3,00MM";="KG";"0,2400";"3,25";"72085300";"0,00";"0";"0,00"
"5";="I2013255";"PP";="CONJ BRACO DE MONT INFERIOR PARA PORTA VERTICAL LAT MANTER ABERT";="CJ";="I1038970";"PP";="BRACO DE FIX INFERIOR P/ PORTA LAT 6,35 X 20 X 220";="PC";"3,0000";"0,00";"87169010";"0,00";"0";"0,00"
"6";="I1038970";"PP";="BRACO DE FIX INFERIOR P/ PORTA LAT 6,35 X 20 X 220";="PC";="G2005887";"MP";="CHAPA ACO A36 6,35MM";="KG";"0,6300";"3,25";"72085200";"0,00";"5";"0,00"
"5";="I2013255";"PP";="CONJ BRACO DE MONT INFERIOR PARA PORTA VERTICAL LAT MANTER ABERT";="CJ";="I1038971";"PP";="PINO 7,94 X 15 TRAVAMENTO INFERIOR PARA PORTA LATERAL";="PC";"6,0000";"0,00";"87169010";"0,00";"0";"0,00"
"6";="I1038971";"PP";="PINO 7,94 X 15 TRAVAMENTO INFERIOR PARA PORTA LATERAL";="PC";="G2000064";"MP";="BARRA REDONDA SAE1020 7,93MM LAMINADA";="KG";"0,0600";"5,20";"72283000";"0,00";"3";"0,00"
"3";="I2015623";"PP";="CONJ LATERAIS COMBOIO 10000L 2COMP VEICULO 6 X 4 S SUP GRAXA 170KG COM ARM EPI MOD 2026";="CJ";="I2015236";"PP";="CONJ PORTA COM FECHADURA EMBUTIR MONT LD ESQ COM FUR PLACA ONU";="CJ";"1,0000";"0,00";"87169010";"0,00";"0";"0,00"
"4";="I2015236";"PP";="CONJ PORTA COM FECHADURA EMBUTIR MONT LD ESQ COM FUR PLACA ONU";="CJ";="G1009112";"MP";="FECHO DE EMBUTIR 16MM C/CHAVE PROFUGO 724";="PC";"1,0000";"6,50";"84122900";"0,00";"0";"0,00"
"4";="I2015236";"PP";="CONJ PORTA COM FECHADURA EMBUTIR MONT LD ESQ COM FUR PLACA ONU";="CJ";="G3000328";"MP";="REBITE REPUXO ALUMINIO 4,8 X 12MM";="PC";"8,0000";"3,25";"83082000";"0,00";"0";"0,00"
"4";="I2015236";"PP";="CONJ PORTA COM FECHADURA EMBUTIR MONT LD ESQ COM FUR PLACA ONU";="CJ";="G3006035";"MP";="GONZO 16MM 5/8"" CONF DES";="PC";"2,0000";"3,25";"83021000";"0,00";"0";"0,00"
"4";="I2015236";"PP";="CONJ PORTA COM FECHADURA EMBUTIR MONT LD ESQ COM FUR PLACA ONU";="CJ";="G3010009";"MP";="PINO ELASTICO DIN 1481 5 X 20 CONF DES";="PC";"2,0000";"3,25";"73181500";"0,00";"0";"0,00"
"4";="I2015236";"PP";="CONJ PORTA COM FECHADURA EMBUTIR MONT LD ESQ COM FUR PLACA ONU";="CJ";="I1009007";"PP";="BORRACHA PORTA COMBOIO";="PC";"1,0000";"3,25";"87169010";"0,00";"0";"0,00"
"5";="I1009007";"PP";="BORRACHA PORTA COMBOIO";="PC";="G1009109";"MP";="PERFIL BIELASTOMERO PARA PORTAS";="MT";"4,0150";"0,00";"40169990";"0,00";"0";"0,00"
"4";="I2015236";"PP";="CONJ PORTA COM FECHADURA EMBUTIR MONT LD ESQ COM FUR PLACA ONU";="CJ";="I1009138";"PP";="PORTA LATERAL DIREITA SIMBOLOGIA";="PC";"1,0000";"3,25";"87169010";"0,00";"0";"0,00"
"5";="I1009138";"PP";="PORTA LATERAL DIREITA SIMBOLOGIA";="PC";="G2005940";"MP";="CHAPA ACO A36 2,65MM";="KG";"23,2100";"3,25";"72085400";"0,00";"5";"0,00"
"4";="I2015236";"PP";="CONJ PORTA COM FECHADURA EMBUTIR MONT LD ESQ COM FUR PLACA ONU";="CJ";="I2013255";"PP";="CONJ BRACO DE MONT INFERIOR PARA PORTA VERTICAL LAT MANTER ABERT";="CJ";"1,0000";"0,00";"87169010";"0,00";"0";"0,00"
"5";="I2013255";"PP";="CONJ BRACO DE MONT INFERIOR PARA PORTA VERTICAL LAT MANTER ABERT";="CJ";="G1005029";"MP";="PO SX AUTO TRAV M8 X 1,25 CL 8 DIN 985 ZB";="PC";"1,0000";"3,25";"73181600";"0,00";"0";"0,00"
"5";="I2013255";"PP";="CONJ BRACO DE MONT INFERIOR PARA PORTA VERTICAL LAT MANTER ABERT";="CJ";="G3004428";"MP";="PF SX FL M8 X 1,25 X 25 CL8.8 DIN6921 ZF";="PC";"1,0000";"3,25";"73181500";"0,00";"0";"0,00"
"5";="I2013255";"PP";="CONJ BRACO DE MONT INFERIOR PARA PORTA VERTICAL LAT MANTER ABERT";="CJ";="I1006833";"PP";="SUPORTE TIRANTE";="PC";"2,0000";"11,70";"87169010";"0,00";"0";"0,00"
"6";="I1006833";"PP";="SUPORTE TIRANTE";="PC";="G2005882";"MP";="CHAPA ACO A36 3,00MM";="KG";"0,0800";"3,25";"72085300";"0,00";"0";"0,00"
"5";="I2013255";"PP";="CONJ BRACO DE MONT INFERIOR PARA PORTA VERTICAL LAT MANTER ABERT";="CJ";="I1038970";"PP";="BRACO DE FIX INFERIOR P/ PORTA LAT 6,35 X 20 X 220";="PC";"1,0000";"0,00";"87169010";"0,00";"0";"0,00"
"6";="I1038970";"PP";="BRACO DE FIX INFERIOR P/ PORTA LAT 6,35 X 20 X 220";="PC";="G2005887";"MP";="CHAPA ACO A36 6,35MM";="KG";"0,2100";"3,25";"72085200";"0,00";"5";"0,00"
"5";="I2013255";"PP";="CONJ BRACO DE MONT INFERIOR PARA PORTA VERTICAL LAT MANTER ABERT";="CJ";="I1038971";"PP";="PINO 7,94 X 15 TRAVAMENTO INFERIOR PARA PORTA LATERAL";="PC";"2,0000";"0,00";"87169010";"0,00";"0";"0,00"
"6";="I1038971";"PP";="PINO 7,94 X 15 TRAVAMENTO INFERIOR PARA PORTA LATERAL";="PC";="G2000064";"MP";="BARRA REDONDA SAE1020 7,93MM LAMINADA";="KG";"0,0200";"5,20";"72283000";"0,00";"3";"0,00"
"4";="I2015236";"PP";="CONJ PORTA COM FECHADURA EMBUTIR MONT LD ESQ COM FUR PLACA ONU";="CJ";="I2015243";"PP";="CONJ FECHADURA ARM ISOL CONJ OXIACET PORTA 1688 X 660MM";="CJ";"1,0000";"0,00";"87169010";"0,00";"0";"0,00"
"5";="I2015243";"PP";="CONJ FECHADURA ARM ISOL CONJ OXIACET PORTA 1688 X 660MM";="CJ";="I1007210";"PP";="BARRA RED 15,88 X 1026 FURO DIAM 5";="PC";"1,0000";"3,25";"87169010";"0,00";"0";"0,00"
"6";="I1007210";"PP";="BARRA RED 15,88 X 1026 FURO DIAM 5";="PC";="G2000054";"MP";="BARRA REDONDA SAE1020 15,88MM TREFILADA";="KG";"1,5900";"5,20";"72155000";"0,00";"0";"0,00"
"5";="I2015243";"PP";="CONJ FECHADURA ARM ISOL CONJ OXIACET PORTA 1688 X 660MM";="CJ";="I1007211";"PP";="BUCHA DE ARTICULACAO 30 X 22,22";="PC";"3,0000";"3,25";"87169010";"0,00";"0";"0,00"
"6";="I1007211";"PP";="BUCHA DE ARTICULACAO 30 X 22,22";="PC";="G2005696";"MP";="TUBO INDUSTRIAL 22,22 X 2,65 PAREDE";="KG";"0,1230";"3,25";"73043910";"0,00";"0";"0,00"
"5";="I2015243";"PP";="CONJ FECHADURA ARM ISOL CONJ OXIACET PORTA 1688 X 660MM";="CJ";="I1007212";"PP";="TRAVA INTERNA";="PC";"3,0000";"3,25";"87169010";"0,00";"0";"0,00"
"6";="I1007212";"PP";="TRAVA INTERNA";="PC";="G2005882";"MP";="CHAPA ACO A36 3,00MM";="KG";"0,2100";"3,25";"72085300";"0,00";"0";"0,00"
"5";="I2015243";"PP";="CONJ FECHADURA ARM ISOL CONJ OXIACET PORTA 1688 X 660MM";="CJ";="I1008779";"PP";="BARRA RED 15,88 X 157 FURO DIAM 5";="PC";"1,0000";"3,25";"87169010";"0,00";"0";"0,00"
"6";="I1008779";"PP";="BARRA RED 15,88 X 157 FURO DIAM 5";="PC";="G2000054";"MP";="BARRA REDONDA SAE1020 15,88MM TREFILADA";="KG";"0,2400";"5,20";"72155000";"0,00";"0";"0,00"
"3";="I2015623";"PP";="CONJ LATERAIS COMBOIO 10000L 2COMP VEICULO 6 X 4 S SUP GRAXA 170KG COM ARM EPI MOD 2026";="CJ";="I2015443";"PP";="CONJ PORTA BATENTE COM BRACO ARTIC MONT LD ESQ COM FUR PLACA ONU";="CJ";"1,0000";"0,00";"87169010";"0,00";"0";"0,00"
"4";="I2015443";"PP";="CONJ PORTA BATENTE COM BRACO ARTIC MONT LD ESQ COM FUR PLACA ONU";="CJ";="G3006035";"MP";="GONZO 16MM 5/8"" CONF DES";="PC";"2,0000";"3,25";"83021000";"0,00";"0";"0,00"
"4";="I2015443";"PP";="CONJ PORTA BATENTE COM BRACO ARTIC MONT LD ESQ COM FUR PLACA ONU";="CJ";="I1033086";"PP";="PORTA LADO CARONA COMBOIO 2,65 X 1351 X 759 SIMBOLOGIA";="PC";"1,0000";"0,00";"87169010";"0,00";"0";"0,00"
"5";="I1033086";"PP";="PORTA LADO CARONA COMBOIO 2,65 X 1351 X 759 SIMBOLOGIA";="PC";="G2005940";"MP";="CHAPA ACO A36 2,65MM";="KG";"26,0600";"3,25";"72085400";"0,00";"5";"0,00"
"4";="I2015443";"PP";="CONJ PORTA BATENTE COM BRACO ARTIC MONT LD ESQ COM FUR PLACA ONU";="CJ";="I1043581";"PP";="BORRACHA VEDACAO PORTA BATENTE COMBOIO LD LE";="PC";"1,0000";"0,00";"87169010";"0,00";"0";"0,00"
"5";="I1043581";"PP";="BORRACHA VEDACAO PORTA BATENTE COMBOIO LD LE";="PC";="G1009109";"MP";="PERFIL BIELASTOMERO PARA PORTAS";="MT";"2,8250";"0,00";"40169990";"0,00";"0";"0,00"
"4";="I2015443";"PP";="CONJ PORTA BATENTE COM BRACO ARTIC MONT LD ESQ COM FUR PLACA ONU";="CJ";="I2013255";"PP";="CONJ BRACO DE MONT INFERIOR PARA PORTA VERTICAL LAT MANTER ABERT";="CJ";"1,0000";"0,00";"87169010";"0,00";"0";"0,00"
"5";="I2013255";"PP";="CONJ BRACO DE MONT INFERIOR PARA PORTA VERTICAL LAT MANTER ABERT";="CJ";="G1005029";"MP";="PO SX AUTO TRAV M8 X 1,25 CL 8 DIN 985 ZB";="PC";"1,0000";"3,25";"73181600";"0,00";"0";"0,00"
"5";="I2013255";"PP";="CONJ BRACO DE MONT INFERIOR PARA PORTA VERTICAL LAT MANTER ABERT";="CJ";="G3004428";"MP";="PF SX FL M8 X 1,25 X 25 CL8.8 DIN6921 ZF";="PC";"1,0000";"3,25";"73181500";"0,00";"0";"0,00"
"5";="I2013255";"PP";="CONJ BRACO DE MONT INFERIOR PARA PORTA VERTICAL LAT MANTER ABERT";="CJ";="I1006833";"PP";="SUPORTE TIRANTE";="PC";"2,0000";"11,70";"87169010";"0,00";"0";"0,00"
"6";="I1006833";"PP";="SUPORTE TIRANTE";="PC";="G2005882";"MP";="CHAPA ACO A36 3,00MM";="KG";"0,0800";"3,25";"72085300";"0,00";"0";"0,00"
"5";="I2013255";"PP";="CONJ BRACO DE MONT INFERIOR PARA PORTA VERTICAL LAT MANTER ABERT";="CJ";="I1038970";"PP";="BRACO DE FIX INFERIOR P/ PORTA LAT 6,35 X 20 X 220";="PC";"1,0000";"0,00";"87169010";"0,00";"0";"0,00"
"6";="I1038970";"PP";="BRACO DE FIX INFERIOR P/ PORTA LAT 6,35 X 20 X 220";="PC";="G2005887";"MP";="CHAPA ACO A36 6,35MM";="KG";"0,2100";"3,25";"72085200";"0,00";"5";"0,00"
"5";="I2013255";"PP";="CONJ BRACO DE MONT INFERIOR PARA PORTA VERTICAL LAT MANTER ABERT";="CJ";="I1038971";"PP";="PINO 7,94 X 15 TRAVAMENTO INFERIOR PARA PORTA LATERAL";="PC";"2,0000";"0,00";"87169010";"0,00";"0";"0,00"
"6";="I1038971";"PP";="PINO 7,94 X 15 TRAVAMENTO INFERIOR PARA PORTA LATERAL";="PC";="G2000064";"MP";="BARRA REDONDA SAE1020 7,93MM LAMINADA";="KG";"0,0200";"5,20";"72283000";"0,00";"3";"0,00"
"3";="I2015623";"PP";="CONJ LATERAIS COMBOIO 10000L 2COMP VEICULO 6 X 4 S SUP GRAXA 170KG COM ARM EPI MOD 2026";="CJ";="I2015444";"PP";="CONJ PORTA COM FECHADURA EMBUTIR MONT LD DIR COM FUR PLACA ONU";="CJ";"1,0000";"0,00";"87169010";"0,00";"0";"0,00"
"4";="I2015444";"PP";="CONJ PORTA COM FECHADURA EMBUTIR MONT LD DIR COM FUR PLACA ONU";="CJ";="G1009112";"MP";="FECHO DE EMBUTIR 16MM C/CHAVE PROFUGO 724";="PC";"1,0000";"6,50";"84122900";"0,00";"0";"0,00"
"4";="I2015444";"PP";="CONJ PORTA COM FECHADURA EMBUTIR MONT LD DIR COM FUR PLACA ONU";="CJ";="G3000328";"MP";="REBITE REPUXO ALUMINIO 4,8 X 12MM";="PC";"8,0000";"3,25";"83082000";"0,00";"0";"0,00"
"4";="I2015444";"PP";="CONJ PORTA COM FECHADURA EMBUTIR MONT LD DIR COM FUR PLACA ONU";="CJ";="G3006035";"MP";="GONZO 16MM 5/8"" CONF DES";="PC";"2,0000";"3,25";"83021000";"0,00";"0";"0,00"
"4";="I2015444";"PP";="CONJ PORTA COM FECHADURA EMBUTIR MONT LD DIR COM FUR PLACA ONU";="CJ";="G3010009";"MP";="PINO ELASTICO DIN 1481 5 X 20 CONF DES";="PC";"2,0000";"3,25";"73181500";"0,00";"0";"0,00"
"4";="I2015444";"PP";="CONJ PORTA COM FECHADURA EMBUTIR MONT LD DIR COM FUR PLACA ONU";="CJ";="I1009007";"PP";="BORRACHA PORTA COMBOIO";="PC";"1,0000";"3,25";"87169010";"0,00";"0";"0,00"
"5";="I1009007";"PP";="BORRACHA PORTA COMBOIO";="PC";="G1009109";"MP";="PERFIL BIELASTOMERO PARA PORTAS";="MT";"4,0150";"0,00";"40169990";"0,00";"0";"0,00"
"4";="I2015444";"PP";="CONJ PORTA COM FECHADURA EMBUTIR MONT LD DIR COM FUR PLACA ONU";="CJ";="I1044220";"PP";="PORTA LATERAL ESQUERDA SIMBOLOGIA";="PC";"1,0000";"0,00";"87169010";"0,00";"0";"0,00"
"5";="I1044220";"PP";="PORTA LATERAL ESQUERDA SIMBOLOGIA";="PC";="G2005940";"MP";="CHAPA ACO A36 2,65MM";="KG";"23,2100";"3,25";"72085400";"0,00";"5";"0,00"
"4";="I2015444";"PP";="CONJ PORTA COM FECHADURA EMBUTIR MONT LD DIR COM FUR PLACA ONU";="CJ";="I2002647";"PP";="CONJ FECHADURA COMBOIO 1180MM LE";="CJ";"1,0000";"0,00";"87169010";"0,00";"0";"0,00"
"5";="I2002647";"PP";="CONJ FECHADURA COMBOIO 1180MM LE";="CJ";="I1007210";"PP";="BARRA RED 15,88 X 1026 FURO DIAM 5";="PC";"1,0000";"3,25";"87169010";"0,00";"0";"0,00"
"6";="I1007210";"PP";="BARRA RED 15,88 X 1026 FURO DIAM 5";="PC";="G2000054";"MP";="BARRA REDONDA SAE1020 15,88MM TREFILADA";="KG";"1,5900";"5,20";"72155000";"0,00";"0";"0,00"
"5";="I2002647";"PP";="CONJ FECHADURA COMBOIO 1180MM LE";="CJ";="I1007211";"PP";="BUCHA DE ARTICULACAO 30 X 22,22";="PC";"3,0000";"3,25";"87169010";"0,00";"0";"0,00"
"6";="I1007211";"PP";="BUCHA DE ARTICULACAO 30 X 22,22";="PC";="G2005696";"MP";="TUBO INDUSTRIAL 22,22 X 2,65 PAREDE";="KG";"0,1230";"3,25";"73043910";"0,00";"0";"0,00"
"5";="I2002647";"PP";="CONJ FECHADURA COMBOIO 1180MM LE";="CJ";="I1007212";"PP";="TRAVA INTERNA";="PC";"3,0000";"3,25";"87169010";"0,00";"0";"0,00"
"6";="I1007212";"PP";="TRAVA INTERNA";="PC";="G2005882";"MP";="CHAPA ACO A36 3,00MM";="KG";"0,2100";"3,25";"72085300";"0,00";"0";"0,00"
"5";="I2002647";"PP";="CONJ FECHADURA COMBOIO 1180MM LE";="CJ";="I1008779";"PP";="BARRA RED 15,88 X 157 FURO DIAM 5";="PC";"1,0000";"3,25";"87169010";"0,00";"0";"0,00"
"6";="I1008779";"PP";="BARRA RED 15,88 X 157 FURO DIAM 5";="PC";="G2000054";"MP";="BARRA REDONDA SAE1020 15,88MM TREFILADA";="KG";"0,2400";"5,20";"72155000";"0,00";"0";"0,00"
"4";="I2015444";"PP";="CONJ PORTA COM FECHADURA EMBUTIR MONT LD DIR COM FUR PLACA ONU";="CJ";="I2013255";"PP";="CONJ BRACO DE MONT INFERIOR PARA PORTA VERTICAL LAT MANTER ABERT";="CJ";"1,0000";"0,00";"87169010";"0,00";"0";"0,00"
"5";="I2013255";"PP";="CONJ BRACO DE MONT INFERIOR PARA PORTA VERTICAL LAT MANTER ABERT";="CJ";="G1005029";"MP";="PO SX AUTO TRAV M8 X 1,25 CL 8 DIN 985 ZB";="PC";"1,0000";"3,25";"73181600";"0,00";"0";"0,00"
"5";="I2013255";"PP";="CONJ BRACO DE MONT INFERIOR PARA PORTA VERTICAL LAT MANTER ABERT";="CJ";="G3004428";"MP";="PF SX FL M8 X 1,25 X 25 CL8.8 DIN6921 ZF";="PC";"1,0000";"3,25";"73181500";"0,00";"0";"0,00"
"5";="I2013255";"PP";="CONJ BRACO DE MONT INFERIOR PARA PORTA VERTICAL LAT MANTER ABERT";="CJ";="I1006833";"PP";="SUPORTE TIRANTE";="PC";"2,0000";"11,70";"87169010";"0,00";"0";"0,00"
"6";="I1006833";"PP";="SUPORTE TIRANTE";="PC";="G2005882";"MP";="CHAPA ACO A36 3,00MM";="KG";"0,0800";"3,25";"72085300";"0,00";"0";"0,00"
"5";="I2013255";"PP";="CONJ BRACO DE MONT INFERIOR PARA PORTA VERTICAL LAT MANTER ABERT";="CJ";="I1038970";"PP";="BRACO DE FIX INFERIOR P/ PORTA LAT 6,35 X 20 X 220";="PC";"1,0000";"0,00";"87169010";"0,00";"0";"0,00"
"6";="I1038970";"PP";="BRACO DE FIX INFERIOR P/ PORTA LAT 6,35 X 20 X 220";="PC";="G2005887";"MP";="CHAPA ACO A36 6,35MM";="KG";"0,2100";"3,25";"72085200";"0,00";"5";"0,00"
"5";="I2013255";"PP";="CONJ BRACO DE MONT INFERIOR PARA PORTA VERTICAL LAT MANTER ABERT";="CJ";="I1038971";"PP";="PINO 7,94 X 15 TRAVAMENTO INFERIOR PARA PORTA LATERAL";="PC";"2,0000";"0,00";"87169010";"0,00";"0";"0,00"
"6";="I1038971";"PP";="PINO 7,94 X 15 TRAVAMENTO INFERIOR PARA PORTA LATERAL";="PC";="G2000064";"MP";="BARRA REDONDA SAE1020 7,93MM LAMINADA";="KG";"0,0200";"5,20";"72283000";"0,00";"3";"0,00"
"3";="I2015623";"PP";="CONJ LATERAIS COMBOIO 10000L 2COMP VEICULO 6 X 4 S SUP GRAXA 170KG COM ARM EPI MOD 2026";="CJ";="I2015447";"PP";="CONJ PORTA BATENTE COM BRACO ARTIC MONT LD DIR";="CJ";"3,0000";"0,00";"87169010";"0,00";"0";"0,00"
"4";="I2015447";"PP";="CONJ PORTA BATENTE COM BRACO ARTIC MONT LD DIR";="CJ";="G3006035";"MP";="GONZO 16MM 5/8"" CONF DES";="PC";"6,0000";"3,25";"83021000";"0,00";"0";"0,00"
"4";="I2015447";"PP";="CONJ PORTA BATENTE COM BRACO ARTIC MONT LD DIR";="CJ";="I1043581";"PP";="BORRACHA VEDACAO PORTA BATENTE COMBOIO LD LE";="PC";"3,0000";"0,00";"87169010";"0,00";"0";"0,00"
"5";="I1043581";"PP";="BORRACHA VEDACAO PORTA BATENTE COMBOIO LD LE";="PC";="G1009109";"MP";="PERFIL BIELASTOMERO PARA PORTAS";="MT";"8,4750";"0,00";"40169990";"0,00";"0";"0,00"
"4";="I2015447";"PP";="CONJ PORTA BATENTE COM BRACO ARTIC MONT LD DIR";="CJ";="I1044616";"PP";="PORTA LADO MOTORISTA COMBOIO 2,65 X 1351 X 759";="PC";"3,0000";"0,00";"87169010";"0,00";"0";"0,00"
"5";="I1044616";"PP";="PORTA LADO MOTORISTA COMBOIO 2,65 X 1351 X 759";="PC";="G2005940";"MP";="CHAPA ACO A36 2,65MM";="KG";"78,1800";"3,25";"72085400";"0,00";"5";"0,00"
"4";="I2015447";"PP";="CONJ PORTA BATENTE COM BRACO ARTIC MONT LD DIR";="CJ";="I2013255";"PP";="CONJ BRACO DE MONT INFERIOR PARA PORTA VERTICAL LAT MANTER ABERT";="CJ";"3,0000";"0,00";"87169010";"0,00";"0";"0,00"
"5";="I2013255";"PP";="CONJ BRACO DE MONT INFERIOR PARA PORTA VERTICAL LAT MANTER ABERT";="CJ";="G1005029";"MP";="PO SX AUTO TRAV M8 X 1,25 CL 8 DIN 985 ZB";="PC";"3,0000";"3,25";"73181600";"0,00";"0";"0,00"
"5";="I2013255";"PP";="CONJ BRACO DE MONT INFERIOR PARA PORTA VERTICAL LAT MANTER ABERT";="CJ";="G3004428";"MP";="PF SX FL M8 X 1,25 X 25 CL8.8 DIN6921 ZF";="PC";"3,0000";"3,25";"73181500";"0,00";"0";"0,00"
"5";="I2013255";"PP";="CONJ BRACO DE MONT INFERIOR PARA PORTA VERTICAL LAT MANTER ABERT";="CJ";="I1006833";"PP";="SUPORTE TIRANTE";="PC";"6,0000";"11,70";"87169010";"0,00";"0";"0,00"
"6";="I1006833";"PP";="SUPORTE TIRANTE";="PC";="G2005882";"MP";="CHAPA ACO A36 3,00MM";="KG";"0,2400";"3,25";"72085300";"0,00";"0";"0,00"
"5";="I2013255";"PP";="CONJ BRACO DE MONT INFERIOR PARA PORTA VERTICAL LAT MANTER ABERT";="CJ";="I1038970";"PP";="BRACO DE FIX INFERIOR P/ PORTA LAT 6,35 X 20 X 220";="PC";"3,0000";"0,00";"87169010";"0,00";"0";"0,00"
"6";="I1038970";"PP";="BRACO DE FIX INFERIOR P/ PORTA LAT 6,35 X 20 X 220";="PC";="G2005887";"MP";="CHAPA ACO A36 6,35MM";="KG";"0,6300";"3,25";"72085200";"0,00";"5";"0,00"
"5";="I2013255";"PP";="CONJ BRACO DE MONT INFERIOR PARA PORTA VERTICAL LAT MANTER ABERT";="CJ";="I1038971";"PP";="PINO 7,94 X 15 TRAVAMENTO INFERIOR PARA PORTA LATERAL";="PC";"6,0000";"0,00";"87169010";"0,00";"0";"0,00"
"6";="I1038971";"PP";="PINO 7,94 X 15 TRAVAMENTO INFERIOR PARA PORTA LATERAL";="PC";="G2000064";"MP";="BARRA REDONDA SAE1020 7,93MM LAMINADA";="KG";"0,0600";"5,20";"72283000";"0,00";"3";"0,00"
"3";="I2015623";"PP";="CONJ LATERAIS COMBOIO 10000L 2COMP VEICULO 6 X 4 S SUP GRAXA 170KG COM ARM EPI MOD 2026";="CJ";="I2015448";"PP";="CONJ PORTA BATENTE COM BRACO ARTIC MONT LD DIR";="CJ";"1,0000";"0,00";"87169010";"0,00";"0";"0,00"
"4";="I2015448";"PP";="CONJ PORTA BATENTE COM BRACO ARTIC MONT LD DIR";="CJ";="G3006035";"MP";="GONZO 16MM 5/8"" CONF DES";="PC";"2,0000";"3,25";"83021000";"0,00";"0";"0,00"
"4";="I2015448";"PP";="CONJ PORTA BATENTE COM BRACO ARTIC MONT LD DIR";="CJ";="I1043581";"PP";="BORRACHA VEDACAO PORTA BATENTE COMBOIO LD LE";="PC";"1,0000";"0,00";"87169010";"0,00";"0";"0,00"
"5";="I1043581";"PP";="BORRACHA VEDACAO PORTA BATENTE COMBOIO LD LE";="PC";="G1009109";"MP";="PERFIL BIELASTOMERO PARA PORTAS";="MT";"2,8250";"0,00";"40169990";"0,00";"0";"0,00"
"4";="I2015448";"PP";="CONJ PORTA BATENTE COM BRACO ARTIC MONT LD DIR";="CJ";="I1044221";"PP";="PORTA LADO MOTORISTA COMBOIO 2,65 X 1351,00 X 759,00 SIMBOLOGIA";="PC";"1,0000";"0,00";"87169010";"0,00";"0";"0,00"
"5";="I1044221";"PP";="PORTA LADO MOTORISTA COMBOIO 2,65 X 1351,00 X 759,00 SIMBOLOGIA";="PC";="G2005940";"MP";="CHAPA ACO A36 2,65MM";="KG";"26,0600";"3,25";"72085400";"0,00";"5";"0,00"
"4";="I2015448";"PP";="CONJ PORTA BATENTE COM BRACO ARTIC MONT LD DIR";="CJ";="I2013255";"PP";="CONJ BRACO DE MONT INFERIOR PARA PORTA VERTICAL LAT MANTER ABERT";="CJ";"1,0000";"0,00";"87169010";"0,00";"0";"0,00"
"5";="I2013255";"PP";="CONJ BRACO DE MONT INFERIOR PARA PORTA VERTICAL LAT MANTER ABERT";="CJ";="G1005029";"MP";="PO SX AUTO TRAV M8 X 1,25 CL 8 DIN 985 ZB";="PC";"1,0000";"3,25";"73181600";"0,00";"0";"0,00"
"5";="I2013255";"PP";="CONJ BRACO DE MONT INFERIOR PARA PORTA VERTICAL LAT MANTER ABERT";="CJ";="G3004428";"MP";="PF SX FL M8 X 1,25 X 25 CL8.8 DIN6921 ZF";="PC";"1,0000";"3,25";"73181500";"0,00";"0";"0,00"
"5";="I2013255";"PP";="CONJ BRACO DE MONT INFERIOR PARA PORTA VERTICAL LAT MANTER ABERT";="CJ";="I1006833";"PP";="SUPORTE TIRANTE";="PC";"2,0000";"11,70";"87169010";"0,00";"0";"0,00"
"6";="I1006833";"PP";="SUPORTE TIRANTE";="PC";="G2005882";"MP";="CHAPA ACO A36 3,00MM";="KG";"0,0800";"3,25";"72085300";"0,00";"0";"0,00"
"5";="I2013255";"PP";="CONJ BRACO DE MONT INFERIOR PARA PORTA VERTICAL LAT MANTER ABERT";="CJ";="I1038970";"PP";="BRACO DE FIX INFERIOR P/ PORTA LAT 6,35 X 20 X 220";="PC";"1,0000";"0,00";"87169010";"0,00";"0";"0,00"
"6";="I1038970";"PP";="BRACO DE FIX INFERIOR P/ PORTA LAT 6,35 X 20 X 220";="PC";="G2005887";"MP";="CHAPA ACO A36 6,35MM";="KG";"0,2100";"3,25";"72085200";"0,00";"5";"0,00"
"5";="I2013255";"PP";="CONJ BRACO DE MONT INFERIOR PARA PORTA VERTICAL LAT MANTER ABERT";="CJ";="I1038971";"PP";="PINO 7,94 X 15 TRAVAMENTO INFERIOR PARA PORTA LATERAL";="PC";"2,0000";"0,00";"87169010";"0,00";"0";"0,00"
"6";="I1038971";"PP";="PINO 7,94 X 15 TRAVAMENTO INFERIOR PARA PORTA LATERAL";="PC";="G2000064";"MP";="BARRA REDONDA SAE1020 7,93MM LAMINADA";="KG";"0,0200";"5,20";"72283000";"0,00";"3";"0,00"
"3";="I2015623";"PP";="CONJ LATERAIS COMBOIO 10000L 2COMP VEICULO 6 X 4 S SUP GRAXA 170KG COM ARM EPI MOD 2026";="CJ";="I2015626";"PP";="SUPORTE PARA BALDE GRAXA 20KG";="CJ";"2,0000";"0,00";"87169010";"0,00";"0";"0,00"
"4";="I2015626";"PP";="SUPORTE PARA BALDE GRAXA 20KG";="CJ";="G1009263";"MP";="PO BORBOLETA - M12-1,75 MA ZINCADA";="PC";"4,0000";"3,25";"79070090";"0,00";"0";"0,00"
"4";="I2015626";"PP";="SUPORTE PARA BALDE GRAXA 20KG";="CJ";="G3001126";"MP";="ARRUELA LISA M12 ZB";="PC";"4,0000";"3,25";"73182100";"0,00";"0";"0,00"
"4";="I2015626";"PP";="SUPORTE PARA BALDE GRAXA 20KG";="CJ";="G3001749";"MP";="PF SX M12 X 1,75 X 50 CL8.8 DIN933 RI ZF";="PC";"4,0000";"3,25";"73181500";"0,00";"0";"0,00"
"4";="I2015626";"PP";="SUPORTE PARA BALDE GRAXA 20KG";="CJ";="I1007493";"PP";="EMPALME SUPORTE TAMBOR";="PC";"4,0000";"3,25";"87169010";"0,00";"0";"0,00"
"5";="I1007493";"PP";="EMPALME SUPORTE TAMBOR";="PC";="G2005931";"MP";="CHAPA ACO A36 4,75MM";="KG";"0,9600";"0,00";"72085200";"0,00";"0";"0,00"
"4";="I2015626";"PP";="SUPORTE PARA BALDE GRAXA 20KG";="CJ";="I1044688";"PP";="CINTA SUPORTE P/ BALDE 20KG";="PC";"4,0000";"0,00";"87169010";"0,00";"0";"0,00"
"5";="I1044688";"PP";="CINTA SUPORTE P/ BALDE 20KG";="PC";="G2005931";"MP";="CHAPA ACO A36 4,75MM";="KG";"5,9600";"0,00";"72085200";"0,00";"0";"0,00"
"4";="I2015626";"PP";="SUPORTE PARA BALDE GRAXA 20KG";="CJ";="I1044692";"PP";="PERFIL L 4,75 X 50,00 X 50,00 X 400,00";="PC";"2,0000";"0,00";"87169010";"0,00";"0";"0,00"
"5";="I1044692";"PP";="PERFIL L 4,75 X 50,00 X 50,00 X 400,00";="PC";="G2005931";"MP";="CHAPA ACO A36 4,75MM";="KG";"2,6600";"0,00";"72085200";"0,00";"0";"0,00"
"2";="I2015622";"PP";="CONJ CAIXA DE CARGA COMBOIO 10000L COM 06 PONTOS DE ILUM ARM EPI G. CORPO COM PORTAO MOD 2";="CJ";="I2015624";"PP";="GUARDA CORPO FI X O COMBOIO COM SAIA E 06 PONTOS DE ILUM E PORTAO 5412 X 945 X 1096MM";="CJ";"1,0000";"0,00";"87169010";"0,00";"0";"0,00"
"3";="I2015624";"PP";="GUARDA CORPO FI X O COMBOIO COM SAIA E 06 PONTOS DE ILUM E PORTAO 5412 X 945 X 1096MM";="CJ";="G1004689";"MP";="PF SX M12 X 1,75 X 30 CL 8.8 DIN 933 RI ZF";="PC";"41,0000";"3,25";"73181500";"0,00";"0";"0,00"
"3";="I2015624";"PP";="GUARDA CORPO FI X O COMBOIO COM SAIA E 06 PONTOS DE ILUM E PORTAO 5412 X 945 X 1096MM";="CJ";="G3000221";"MP";="PO SX M12 X 1,75 CL 10 INS NY AUTO TRAV DIN985";="PC";"41,0000";"3,25";"73181600";"0,00";"0";"0,00"
"3";="I2015624";"PP";="GUARDA CORPO FI X O COMBOIO COM SAIA E 06 PONTOS DE ILUM E PORTAO 5412 X 945 X 1096MM";="CJ";="I1011627";"PP";="FECHAMENTO TRAPEZIO DUPLO";="PC";"2,0000";"0,00";"87169010";"0,00";"0";"0,00"
"4";="I1011627";"PP";="FECHAMENTO TRAPEZIO DUPLO";="PC";="G2005932";"MP";="CHAPA ACO A36 2,00MM";="KG";"0,0200";"3,25";"72085400";"0,00";"5";"0,00"
"3";="I2015624";"PP";="GUARDA CORPO FI X O COMBOIO COM SAIA E 06 PONTOS DE ILUM E PORTAO 5412 X 945 X 1096MM";="CJ";="I1023335";"PP";="TUBO DOBRADO 26,90 X 2,65 X 440 X 5390";="PC";"1,0000";"0,00";"87169010";"0,00";"0";"0,00"
"4";="I1023335";"PP";="TUBO DOBRADO 26,90 X 2,65 X 440 X 5390";="PC";="G2000380";"MP";="TUBO DIN 2440 NBR5580 26,90 X 21,60 X 2,65MM";="KG";"9,1700";"3,25";"73063000";"0,00";"0";"0,00"
"3";="I2015624";"PP";="GUARDA CORPO FI X O COMBOIO COM SAIA E 06 PONTOS DE ILUM E PORTAO 5412 X 945 X 1096MM";="CJ";="I1023336";"PP";="PERFIL U 3,75 X 40 X 145 X 70 X 1065 3DIAM13,50 2OBL LD";="PC";"7,0000";"0,00";"87169010";"0,00";"0";"0,00"
"4";="I1023336";"PP";="PERFIL U 3,75 X 40 X 145 X 70 X 1065 3DIAM13,50 2OBL LD";="PC";="G2005946";"MP";="CHAPA ACO A36 3,75MM";="KG";"39,9000";"9,75";"72085200";"0,00";"5";"0,00"
"3";="I2015624";"PP";="GUARDA CORPO FI X O COMBOIO COM SAIA E 06 PONTOS DE ILUM E PORTAO 5412 X 945 X 1096MM";="CJ";="I1023337";"PP";="PERFIL J 6,35 X 40 X 140 X 60 X 60 3DIAM13,50";="PC";"14,0000";"0,00";"87169010";"0,00";"0";"0,00"
"4";="I1023337";"PP";="PERFIL J 6,35 X 40 X 140 X 60 X 60 3DIAM13,50";="PC";="G2005887";"MP";="CHAPA ACO A36 6,35MM";="KG";"7,7000";"3,25";"72085200";"0,00";"5";"0,00"
"3";="I2015624";"PP";="GUARDA CORPO FI X O COMBOIO COM SAIA E 06 PONTOS DE ILUM E PORTAO 5412 X 945 X 1096MM";="CJ";="I1023338";"PP";="EMPALME 3,75 X 110 X 180 X R20";="PC";"14,0000";"0,00";"87169010";"0,00";"0";"0,00"
"4";="I1023338";"PP";="EMPALME 3,75 X 110 X 180 X R20";="PC";="G2005946";"MP";="CHAPA ACO A36 3,75MM";="KG";"7,9800";"9,75";"72085200";"0,00";"5";"0,00"
"3";="I2015624";"PP";="GUARDA CORPO FI X O COMBOIO COM SAIA E 06 PONTOS DE ILUM E PORTAO 5412 X 945 X 1096MM";="CJ";="I1023339";"PP";="PERFIL W 2 X 20 X 25 X 50 X 200 X 921 ANG30";="PC";"1,0000";"0,00";"87169010";"0,00";"0";"0,00"
"4";="I1023339";"PP";="PERFIL W 2 X 20 X 25 X 50 X 200 X 921 ANG30";="PC";="G2005932";"MP";="CHAPA ACO A36 2,00MM";="KG";"3,1500";"3,25";"72085400";"0,00";"5";"0,00"
"3";="I2015624";"PP";="GUARDA CORPO FI X O COMBOIO COM SAIA E 06 PONTOS DE ILUM E PORTAO 5412 X 945 X 1096MM";="CJ";="I1023344";"PP";="PERFIL U 3,75 X 40 X 145 X 70 X 1065 3DIAM13,50 2OBL LE";="PC";"7,0000";"0,00";"87169010";"0,00";"0";"0,00"
"4";="I1023344";"PP";="PERFIL U 3,75 X 40 X 145 X 70 X 1065 3DIAM13,50 2OBL LE";="PC";="G2005946";"MP";="CHAPA ACO A36 3,75MM";="KG";"39,9000";"9,75";"72085200";"0,00";"5";"0,00"
"3";="I2015624";"PP";="GUARDA CORPO FI X O COMBOIO COM SAIA E 06 PONTOS DE ILUM E PORTAO 5412 X 945 X 1096MM";="CJ";="I1023350";"PP";="PERFIL W 2 X 20 X 25 X 50 X 200 X 2700 ANG30";="PC";"3,0000";"0,00";"87169010";"0,00";"0";"0,00"
"4";="I1023350";"PP";="PERFIL W 2 X 20 X 25 X 50 X 200 X 2700 ANG30";="PC";="G2005932";"MP";="CHAPA ACO A36 2,00MM";="KG";"27,7500";"3,25";"72085400";"0,00";"5";"0,00"
"3";="I2015624";"PP";="GUARDA CORPO FI X O COMBOIO COM SAIA E 06 PONTOS DE ILUM E PORTAO 5412 X 945 X 1096MM";="CJ";="I1026074";"PP";="PERFIL W 2 X 20 X 25 X 50 X 200 X 1600 ANG30";="PC";"1,0000";"0,00";"87169010";"0,00";"0";"0,00"
"4";="I1026074";"PP";="PERFIL W 2 X 20 X 25 X 50 X 200 X 1600 ANG30";="PC";="G2005932";"MP";="CHAPA ACO A36 2,00MM";="KG";"5,4800";"3,25";"72085400";"0,00";"5";"0,00"
"3";="I2015624";"PP";="GUARDA CORPO FI X O COMBOIO COM SAIA E 06 PONTOS DE ILUM E PORTAO 5412 X 945 X 1096MM";="CJ";="I1026076";"PP";="TUBO RED 26,90 X 2,65 X 1600";="PC";"2,0000";"0,00";"87169010";"0,00";"0";"0,00"
"4";="I1026076";"PP";="TUBO RED 26,90 X 2,65 X 1600";="PC";="G2000380";"MP";="TUBO DIN 2440 NBR5580 26,90 X 21,60 X 2,65MM";="KG";"5,0800";"3,25";"73063000";"0,00";"0";"0,00"
"3";="I2015624";"PP";="GUARDA CORPO FI X O COMBOIO COM SAIA E 06 PONTOS DE ILUM E PORTAO 5412 X 945 X 1096MM";="CJ";="I1030149";"PP";="PERFIL L 3 X 40 X 30 X 100 1 FURO 12 REC LD";="PC";"3,0000";"0,00";"87169010";"0,00";"0";"0,00"
"4";="I1030149";"PP";="PERFIL L 3 X 40 X 30 X 100 1 FURO 12 REC LD";="PC";="G2005882";"MP";="CHAPA ACO A36 3,00MM";="KG";"0,4500";"3,25";"72085300";"0,00";"0";"0,00"
"3";="I2015624";"PP";="GUARDA CORPO FI X O COMBOIO COM SAIA E 06 PONTOS DE ILUM E PORTAO 5412 X 945 X 1096MM";="CJ";="I1030172";"PP";="PERFIL L 3 X 40 X 30 X 100 1 FURO 12 REC LE";="PC";"3,0000";"0,00";"87169010";"0,00";"0";"0,00"
"4";="I1030172";"PP";="PERFIL L 3 X 40 X 30 X 100 1 FURO 12 REC LE";="PC";="G2005882";"MP";="CHAPA ACO A36 3,00MM";="KG";"0,4500";"3,25";"72085300";"0,00";"0";"0,00"
"3";="I2015624";"PP";="GUARDA CORPO FI X O COMBOIO COM SAIA E 06 PONTOS DE ILUM E PORTAO 5412 X 945 X 1096MM";="CJ";="I1039115";"PP";="TUBO DOBRADO 26,90 X 2,65 X 472,00 X 5390,00";="PC";"1,0000";"0,00";"87169010";"0,00";"0";"0,00"
"4";="I1039115";"PP";="TUBO DOBRADO 26,90 X 2,65 X 472,00 X 5390,00";="PC";="G2000380";"MP";="TUBO DIN 2440 NBR5580 26,90 X 21,60 X 2,65MM";="KG";"9,2200";"3,25";"73063000";"0,00";"0";"0,00"
"3";="I2015624";"PP";="GUARDA CORPO FI X O COMBOIO COM SAIA E 06 PONTOS DE ILUM E PORTAO 5412 X 945 X 1096MM";="CJ";="I1039401";"PP";="CHAPA RED FECHAMENTO GC DIAM24,00 X 2,65";="PC";"8,0000";"0,00";"87169010";"0,00";"0";"0,00"
"4";="I1039401";"PP";="CHAPA RED FECHAMENTO GC DIAM24,00 X 2,65";="PC";="G2005940";"MP";="CHAPA ACO A36 2,65MM";="KG";"0,0800";"3,25";"72085400";"0,00";"5";"0,00"
"3";="I2015624";"PP";="GUARDA CORPO FI X O COMBOIO COM SAIA E 06 PONTOS DE ILUM E PORTAO 5412 X 945 X 1096MM";="CJ";="I1039757";"PP";="TUBO DIN 2440 NBR5580 17,20 X 11,90 X 550MM";="PC";"7,0000";"0,00";"87169090";"0,00";"0";"0,00"
"4";="I1039757";"PP";="TUBO DIN 2440 NBR5580 17,20 X 11,90 X 550MM";="PC";="G2000473";"MP";="TUBO DIN 2440 NBR5580 17,20 X 11,90 X 2,65MM";="KG";"3,6400";"3,25";"73063000";"0,00";"0";"0,00"
"3";="I2015624";"PP";="GUARDA CORPO FI X O COMBOIO COM SAIA E 06 PONTOS DE ILUM E PORTAO 5412 X 945 X 1096MM";="CJ";="I1044675";"PP";="PERFIL W 2,00 X 20,00 X 25,00 X 50,00 X 200,00 X 935,00 ANG0,52";="PC";"1,0000";"0,00";"87169010";"0,00";"0";"0,00"
"4";="I1044675";"PP";="PERFIL W 2,00 X 20,00 X 25,00 X 50,00 X 200,00 X 935,00 ANG0,52";="PC";="G2005932";"MP";="CHAPA ACO A36 2,00MM";="KG";"3,2000";"3,25";"72085400";"0,00";"5";"0,00"
"3";="I2015624";"PP";="GUARDA CORPO FI X O COMBOIO COM SAIA E 06 PONTOS DE ILUM E PORTAO 5412 X 945 X 1096MM";="CJ";="I1044676";"PP";="PERFIL W 2,00 X 20,00 X 25,00 X 50,00 X 200,00 X 2615,00 ANG0,52";="PC";"1,0000";"0,00";"87169010";"0,00";"0";"0,00"
"4";="I1044676";"PP";="PERFIL W 2,00 X 20,00 X 25,00 X 50,00 X 200,00 X 2615,00 ANG0,52";="PC";="G2005932";"MP";="CHAPA ACO A36 2,00MM";="KG";"8,9500";"3,25";"72085400";"0,00";"5";"0,00"
"3";="I2015624";"PP";="GUARDA CORPO FI X O COMBOIO COM SAIA E 06 PONTOS DE ILUM E PORTAO 5412 X 945 X 1096MM";="CJ";="I1044678";"PP";="TUBO DOBRADO 26,90 X 2,65 X 440,00 X 2470,00";="PC";"1,0000";"0,00";"87169010";"0,00";"0";"0,00"
"4";="I1044678";"PP";="TUBO DOBRADO 26,90 X 2,65 X 440,00 X 2470,00";="PC";="G2000380";"MP";="TUBO DIN 2440 NBR5580 26,90 X 21,60 X 2,65MM";="KG";"4,5400";"3,25";"73063000";"0,00";"0";"0,00"
"3";="I2015624";"PP";="GUARDA CORPO FI X O COMBOIO COM SAIA E 06 PONTOS DE ILUM E PORTAO 5412 X 945 X 1096MM";="CJ";="I1044680";"PP";="TUBO RED 26,90 X 2,65 X 3478,00";="PC";"2,0000";"0,00";"87169010";"0,00";"0";"0,00"
"4";="I1044680";"PP";="TUBO RED 26,90 X 2,65 X 3478,00";="PC";="G2000380";"MP";="TUBO DIN 2440 NBR5580 26,90 X 21,60 X 2,65MM";="KG";"11,0200";"3,25";"73063000";"0,00";"0";"0,00"
"3";="I2015624";"PP";="GUARDA CORPO FI X O COMBOIO COM SAIA E 06 PONTOS DE ILUM E PORTAO 5412 X 945 X 1096MM";="CJ";="I1044682";"PP";="TUBO DOBRADO 26,90 X 2,65 X 472,00 X 2470,00";="PC";"1,0000";"0,00";"87169010";"0,00";"0";"0,00"
"4";="I1044682";"PP";="TUBO DOBRADO 26,90 X 2,65 X 472,00 X 2470,00";="PC";="G2000380";"MP";="TUBO DIN 2440 NBR5580 26,90 X 21,60 X 2,65MM";="KG";"4,5900";"3,25";"73063000";"0,00";"0";"0,00"
"3";="I2015624";"PP";="GUARDA CORPO FI X O COMBOIO COM SAIA E 06 PONTOS DE ILUM E PORTAO 5412 X 945 X 1096MM";="CJ";="I2015631";"PP";="CONJ PORTAO LAT PARA GUARDA CORPO";="CJ";"1,0000";"0,00";"87169010";"0,00";"0";"0,00"
"4";="I2015631";"PP";="CONJ PORTAO LAT PARA GUARDA CORPO";="CJ";="G3006035";"MP";="GONZO 16MM 5/8"" CONF DES";="PC";"2,0000";"3,25";"83021000";"0,00";"0";"0,00"
"4";="I2015631";"PP";="CONJ PORTAO LAT PARA GUARDA CORPO";="CJ";="I1044714";"PP";="CHAPA FIXACAO AC 4,76 X 1050,00 X 50,00 MM GUARDA CORPO";="PC";"2,0000";"0,00";"87169010";"0,00";"0";"0,00"
"5";="I1044714";"PP";="CHAPA FIXACAO AC 4,76 X 1050,00 X 50,00 MM GUARDA CORPO";="PC";="G2005931";"MP";="CHAPA ACO A36 4,75MM";="KG";"3,8400";"0,00";"72085200";"0,00";"0";"0,00"
"4";="I2015631";"PP";="CONJ PORTAO LAT PARA GUARDA CORPO";="CJ";="I2013449";"PP";="CONJ FIX PARAF FL M10 X 30 01ARRUELA E PORCA AUTO TRAVANTE";="CJ";"6,0000";"0,00";"87169010";"0,00";"0";"0,00"
"5";="I2013449";"PP";="CONJ FIX PARAF FL M10 X 30 01ARRUELA E PORCA AUTO TRAVANTE";="CJ";="G1004651";"MP";="PF SX FL M10 X 1,50 X 30 CL8.8 DIN6921 ZF";="PC";"6,0000";"9,75";"73181500";"0,00";"0";"0,00"
"5";="I2013449";"PP";="CONJ FIX PARAF FL M10 X 30 01ARRUELA E PORCA AUTO TRAVANTE";="CJ";="G3000951";"MP";="ARRUELA LISA M10 DIN125";="PC";"6,0000";"3,25";"73182100";"0,00";"0";"0,00"
"5";="I2013449";"PP";="CONJ FIX PARAF FL M10 X 30 01ARRUELA E PORCA AUTO TRAVANTE";="CJ";="G3001067";"MP";="PO SX M10 X 1,50 CL8 INS NY AUTO TRAV DIN985 ZF";="PC";"6,0000";"3,25";"73181600";"0,00";"0";"0,00"
"4";="I2015631";"PP";="CONJ PORTAO LAT PARA GUARDA CORPO";="CJ";="I2014934";"PP";="CONJ TRINCO PORTAO";="CJ";"1,0000";"0,00";"87169010";"0,00";"0";"0,00"
"5";="I2014934";"PP";="CONJ TRINCO PORTAO";="CJ";="I1042824";"PP";="CHAPA PERFIL U 3  X  45,00  X  100,00  X  50,00";="PC";"1,0000";"0,00";"87169010";"0,00";"0";"0,00"
"6";="I1042824";"PP";="CHAPA PERFIL U 3  X  45,00  X  100,00  X  50,00";="PC";="G2005882";"MP";="CHAPA ACO A36 3,00MM";="KG";"0,1700";"3,25";"72085300";"0,00";"0";"0,00"
"5";="I2014934";"PP";="CONJ TRINCO PORTAO";="CJ";="I1042825";"PP";="CHAPA PERFIL L 3  X  40,00  X  150,00 1 DIAM 8,00";="PC";"1,0000";"0,00";"87169010";"0,00";"0";"0,00"
"6";="I1042825";"PP";="CHAPA PERFIL L 3  X  40,00  X  150,00 1 DIAM 8,00";="PC";="G2005882";"MP";="CHAPA ACO A36 3,00MM";="KG";"0,0900";"3,25";"72085300";"0,00";"0";"0,00"
"5";="I2014934";"PP";="CONJ TRINCO PORTAO";="CJ";="I1042826";"PP";="CHAPA PERFIL L 3  X  20,00  X  20,00  X  50,00";="PC";"1,0000";"0,00";"87169010";"0,00";"0";"0,00"
"6";="I1042826";"PP";="CHAPA PERFIL L 3  X  20,00  X  20,00  X  50,00";="PC";="G2005882";"MP";="CHAPA ACO A36 3,00MM";="KG";"0,0400";"3,25";"72085300";"0,00";"0";"0,00"
"4";="I2015631";"PP";="CONJ PORTAO LAT PARA GUARDA CORPO";="CJ";="I2015651";"PP";="CONJ PORTAO GUARDA CORPO TUBO DIAM 26,9 X 2,65 X 687 X 987MM";="CJ";"1,0000";"0,00";"87169010";"0,00";"0";"0,00"
"5";="I2015651";"PP";="CONJ PORTAO GUARDA CORPO TUBO DIAM 26,9 X 2,65 X 687 X 987MM";="CJ";="I1044718";"PP";="TUBO DIN 2440 NBR 5580 26,90 X 2,65 X 670 X 960MM";="PC";"1,0000";"0,00";"87169010";"0,00";"0";"0,00"
"6";="I1044718";"PP";="TUBO DIN 2440 NBR 5580 26,90 X 2,65 X 670 X 960MM";="PC";="G2000380";"MP";="TUBO DIN 2440 NBR5580 26,90 X 21,60 X 2,65MM";="KG";"4,8900";"3,25";"73063000";"0,00";"0";"0,00"
"5";="I2015651";"PP";="CONJ PORTAO GUARDA CORPO TUBO DIAM 26,9 X 2,65 X 687 X 987MM";="CJ";="I1044774";"PP";="TUBO DIN 2440 NBR 5580 26,90 X 2,65 X 670 X 960MM ENC BOCA LOBO TUBO 26,9MM";="PC";"1,0000";"0,00";"87169010";"0,00";"0";"0,00"
"6";="I1044774";"PP";="TUBO DIN 2440 NBR 5580 26,90 X 2,65 X 670 X 960MM ENC BOCA LOBO TUBO 26,9MM";="PC";="G2000380";"MP";="TUBO DIN 2440 NBR5580 26,90 X 21,60 X 2,65MM";="KG";"1,4900";"3,25";"73063000";"0,00";"0";"0,00"
"5";="I2015651";"PP";="CONJ PORTAO GUARDA CORPO TUBO DIAM 26,9 X 2,65 X 687 X 987MM";="CJ";="I1044776";"PP";="TUBO DIN 2440 NBR 5580 26,90 X 2,65 X 335 X ENC BOCA LOBO TUBO 26,9MM";="PC";"4,0000";"0,00";"87169010";"0,00";"0";"0,00"
"6";="I1044776";"PP";="TUBO DIN 2440 NBR 5580 26,90 X 2,65 X 335 X ENC BOCA LOBO TUBO 26,9MM";="PC";="G2000380";"MP";="TUBO DIN 2440 NBR5580 26,90 X 21,60 X 2,65MM";="KG";"2,0000";"3,25";"73063000";"0,00";"0";"0,00"
"4";="I2015631";"PP";="CONJ PORTAO LAT PARA GUARDA CORPO";="CJ";="I2015652";"PP";="CONJ LATERAL PORTAO GUARDA CORPO 697 X 987MM";="CJ";"2,0000";"0,00";"87169010";"0,00";"0";"0,00"
"5";="I2015652";"PP";="CONJ LATERAL PORTAO GUARDA CORPO 697 X 987MM";="CJ";="I1044777";"PP";="TUBO DIN 2440 NBR 5580 26,9 X 2,65 X 960MM";="PC";"2,0000";"0,00";"87169010";"0,00";"0";"0,00"
"6";="I1044777";"PP";="TUBO DIN 2440 NBR 5580 26,9 X 2,65 X 960MM";="PC";="G2000380";"MP";="TUBO DIN 2440 NBR5580 26,90 X 21,60 X 2,65MM";="KG";"3,6600";"3,25";"73063000";"0,00";"0";"0,00"
"5";="I2015652";"PP";="CONJ LATERAL PORTAO GUARDA CORPO 697 X 987MM";="CJ";="I1044778";"PP";="TUBO DIN 2440 NBR 5580 26,9 X 2,65 X 141,5 X ENC BOCA LOBO TUBO 26,9MM";="PC";"4,0000";"0,00";"87169010";"0,00";"0";"0,00"
"6";="I1044778";"PP";="TUBO DIN 2440 NBR 5580 26,9 X 2,65 X 141,5 X ENC BOCA LOBO TUBO 26,9MM";="PC";="G2000380";"MP";="TUBO DIN 2440 NBR5580 26,90 X 21,60 X 2,65MM";="KG";"0,8400";"3,25";"73063000";"0,00";"0";"0,00"
